"","Sale_Price","Lot_Area","Age","Total_Bsmt_SF","Garage_Area","Gr_Liv_Area","Central_Air"
"1",232600,11216,0,1489,776,1489,"Y"
"2",166000,2998,6,756,440,1524,"Y"
"3",170000,17871,12,1680,628,1680,"Y"
"4",252000,10574,4,1082,1043,1953,"Y"
"5",134000,6000,71,608,240,1132,"Y"
"6",164700,4251,1,625,528,1250,"Y"
"7",193500,8125,14,1408,575,1679,"Y"
"8",118500,8480,61,832,336,1216,"Y"
"9",94000,7200,57,876,576,876,"Y"
"10",111250,12735,36,864,576,864,"Y"
"11",106000,10800,89,720,576,846,"N"
"12",116000,4400,86,648,440,1118,"Y"
"13",160000,9556,15,1168,420,1187,"Y"
"14",239799,8760,0,1391,868,1962,"Y"
"15",355000,13543,3,1168,683,2500,"Y"
"16",264132,14587,0,1498,592,1506,"Y"
"17",126000,10125,32,0,539,1734,"Y"
"18",377500,14892,3,1746,758,1746,"Y"
"19",215000,20544,22,791,542,2093,"Y"
"20",113000,6120,68,884,240,884,"Y"
"21",157500,13014,30,1008,484,1096,"Y"
"22",209000,9116,5,1491,490,1491,"Y"
"23",211000,10029,19,1151,521,2060,"Y"
"24",172000,12700,42,1246,441,1246,"Y"
"25",163000,14330,33,864,440,1558,"Y"
"26",133000,4058,9,723,367,767,"Y"
"27",249000,8251,2,1494,672,1506,"Y"
"28",107500,10632,93,689,180,1224,"N"
"29",244000,13651,34,2223,516,2223,"Y"
"30",178000,9600,81,728,546,1641,"Y"
"31",110000,9750,47,980,400,980,"Y"
"32",147000,11382,43,1130,286,1374,"Y"
"33",82500,11900,32,1386,544,1411,"Y"
"34",335000,26178,17,1210,628,2519,"Y"
"35",172900,2280,9,744,440,1549,"Y"
"36",159000,13300,50,1015,896,1384,"Y"
"37",124400,9759,40,1051,264,1051,"Y"
"38",303477,9000,0,1184,550,2610,"Y"
"39",117000,10998,68,984,660,1604,"Y"
"40",162500,8723,38,973,480,1082,"Y"
"41",140000,4043,31,1069,440,1069,"Y"
"42",246000,3811,6,1594,525,1646,"Y"
"43",130000,12774,55,984,400,950,"N"
"44",160000,10000,48,1116,440,1116,"Y"
"45",136000,10773,43,1832,0,1832,"N"
"46",129500,9600,91,735,396,2058,"N"
"47",141000,7945,47,1150,300,1150,"Y"
"48",139500,14217,13,1022,747,1022,"Y"
"49",163000,9600,40,1288,502,1336,"Y"
"50",152500,17979,40,1113,257,1160,"Y"
"51",136000,8050,51,1143,308,1143,"Y"
"52",143000,9000,89,650,324,1482,"Y"
"53",109000,7922,57,1057,246,1057,"Y"
"54",257500,10452,69,1528,312,2133,"Y"
"55",144000,10044,42,1196,336,1196,"Y"
"56",145900,8777,108,1272,0,2200,"Y"
"57",220000,12182,5,1541,532,1541,"Y"
"58",175900,7153,14,761,484,1603,"Y"
"59",134900,8982,30,1040,748,1040,"Y"
"60",220000,11896,2,1336,660,1346,"Y"
"61",145250,11600,46,1383,292,1383,"Y"
"62",119900,16133,37,1176,360,1176,"Y"
"63",197000,8726,4,872,529,1909,"Y"
"64",262000,12461,12,1624,757,1624,"Y"
"65",108000,7741,82,1032,280,1032,"N"
"66",150000,24572,31,994,864,2944,"Y"
"67",179900,9928,94,672,216,1944,"Y"
"68",215000,16635,32,1602,529,1602,"Y"
"69",131000,20000,46,1224,576,1224,"Y"
"70",202500,13200,44,741,658,2294,"Y"
"71",80000,11515,49,0,308,943,"N"
"72",210000,9000,1,768,676,1590,"Y"
"73",180400,8402,12,789,393,1465,"Y"
"74",240000,53107,15,1580,501,1953,"Y"
"75",99500,4330,49,808,436,1315,"Y"
"76",142100,8250,44,1053,692,1053,"Y"
"77",149000,6876,82,720,316,1930,"Y"
"78",423000,20896,1,2077,1134,2097,"Y"
"79",109500,6130,84,784,0,784,"Y"
"80",232000,11957,2,1574,824,1574,"Y"
"81",188000,8000,13,773,431,1658,"Y"
"82",139500,12778,54,1008,280,1008,"Y"
"83",145000,34650,51,1056,572,1056,"N"
"84",147000,10970,30,940,576,1026,"Y"
"85",143500,8010,51,951,480,951,"Y"
"86",118500,9825,40,936,384,936,"Y"
"87",192500,12774,5,835,478,1663,"Y"
"88",190000,9587,3,856,400,1166,"Y"
"89",96000,8050,61,0,0,1137,"Y"
"90",136000,7942,54,1040,293,1040,"Y"
"91",82000,6040,53,0,0,1152,"N"
"92",195500,10125,5,846,434,1594,"Y"
"93",207000,8883,19,929,619,1873,"Y"
"94",114500,10150,49,912,275,912,"Y"
"95",136905,11500,31,1680,528,1680,"Y"
"96",271000,10944,14,1223,525,2127,"Y"
"97",134800,7200,59,900,576,900,"Y"
"98",370967,8232,1,1800,944,1800,"Y"
"99",108959,12900,39,1198,400,1258,"Y"
"100",129900,4224,31,1040,572,1060,"Y"
"101",177500,8970,44,744,549,2140,"Y"
"102",144000,2179,30,855,460,1456,"Y"
"103",235000,9100,6,1525,541,1525,"Y"
"104",142125,9717,60,1078,240,1078,"Y"
"105",231713,8368,1,1689,433,1689,"Y"
"106",133500,10800,60,832,384,1461,"Y"
"107",135000,9000,107,680,576,1174,"Y"
"108",158500,14000,59,1092,300,1152,"Y"
"109",75190,1890,31,546,286,1092,"Y"
"110",195000,8935,7,831,493,1660,"Y"
"111",165500,9101,31,1097,602,1110,"Y"
"112",167000,9600,56,1416,418,1644,"Y"
"113",135000,10152,51,1048,286,1048,"Y"
"114",170000,9434,5,384,400,1374,"Y"
"115",133900,7200,97,1214,506,2291,"N"
"116",122500,10895,55,972,305,972,"Y"
"117",149500,7844,28,672,440,1400,"Y"
"118",591587,51974,1,2660,1110,2338,"Y"
"119",139000,5362,97,661,552,1250,"Y"
"120",141500,6720,86,585,228,1436,"N"
"121",142500,13072,1,1141,484,1141,"Y"
"122",180000,11361,32,1193,478,1523,"Y"
"123",166500,11875,11,1344,686,1344,"Y"
"124",135000,11606,38,1040,504,2080,"Y"
"125",139000,10180,40,912,372,1044,"Y"
"126",260000,8847,2,1538,484,1538,"Y"
"127",120000,10320,93,880,400,1308,"Y"
"128",149000,7669,17,828,698,883,"Y"
"129",136500,11100,56,1080,253,1480,"N"
"130",143000,14115,16,796,480,1362,"Y"
"131",180000,19900,40,1947,576,2207,"Y"
"132",268000,13346,14,1095,590,2295,"Y"
"133",384500,12191,10,1779,925,2551,"Y"
"134",232500,11202,5,1432,467,1440,"Y"
"135",113000,9000,40,1216,336,1216,"Y"
"136",64500,5000,61,666,0,666,"N"
"137",216837,9100,2,1860,484,1836,"Y"
"138",140000,6565,50,1073,720,1073,"Y"
"139",221300,8778,1,1302,859,1830,"Y"
"140",138000,7200,59,1208,240,1904,"Y"
"141",168000,7655,14,903,392,1642,"Y"
"142",157500,9350,42,720,480,1440,"Y"
"143",133000,4435,3,848,420,848,"Y"
"144",147000,7500,1,1143,0,1143,"Y"
"145",345000,13860,37,1952,538,2704,"Y"
"146",151000,3180,1,600,480,1200,"Y"
"147",142500,7937,22,1003,588,1003,"Y"
"148",120000,7535,49,912,297,912,"Y"
"149",178000,9100,8,1212,573,1212,"Y"
"150",135960,7032,27,943,600,943,"Y"
"151",215000,21579,39,1488,552,1488,"Y"
"152",76000,9000,81,784,360,784,"N"
"153",217500,8826,7,985,486,1842,"Y"
"154",55000,3636,86,796,0,796,"N"
"155",149000,6240,78,1042,225,1576,"Y"
"156",97000,12702,52,0,308,882,"Y"
"157",111500,7745,106,938,576,1951,"N"
"158",129500,6000,59,768,308,1328,"Y"
"159",475000,22950,114,1107,840,3608,"Y"
"160",233555,13377,0,1836,495,1846,"Y"
"161",99500,8520,86,624,287,792,"Y"
"162",127000,7180,36,864,352,864,"Y"
"163",135000,10454,52,1105,308,1105,"Y"
"164",138000,8064,60,768,576,1320,"Y"
"165",300000,19522,17,1223,564,2503,"Y"
"166",625000,35760,11,1930,807,3627,"Y"
"167",264500,8125,1,1836,517,1836,"Y"
"168",264561,3982,0,1520,648,1567,"Y"
"169",100000,10260,32,0,484,1872,"Y"
"170",96000,7550,87,951,280,1362,"N"
"171",119000,7200,57,876,276,988,"Y"
"172",118000,9000,52,936,286,1128,"Y"
"173",180000,3182,4,1220,397,1220,"Y"
"174",183500,12150,28,1001,486,1299,"Y"
"175",159500,10800,117,718,704,2554,"Y"
"176",153900,7892,15,1199,530,1199,"Y"
"177",161000,10320,92,1138,720,2180,"Y"
"178",170000,13041,11,781,423,1671,"Y"
"179",149900,17755,47,1466,528,1466,"Y"
"180",87000,5000,66,720,360,803,"N"
"181",382500,15262,6,2200,685,2200,"Y"
"182",237000,11645,4,1498,844,1498,"Y"
"183",155000,2448,5,764,474,1626,"Y"
"184",234000,10918,83,1276,282,2080,"Y"
"185",250000,3811,4,1594,482,1646,"Y"
"186",168000,32463,46,1249,1356,1622,"Y"
"187",130000,9600,88,973,393,2350,"Y"
"188",139000,10800,95,686,416,1652,"Y"
"189",147000,2308,35,855,440,1322,"Y"
"190",205000,13600,44,768,486,1986,"Y"
"191",260000,11645,1,1734,660,1734,"Y"
"192",124000,5000,67,672,240,1210,"Y"
"193",210000,9928,16,1454,506,1478,"Y"
"194",101800,9842,45,0,462,1224,"Y"
"195",148000,15312,49,1138,480,1138,"Y"
"196",294464,3843,1,1596,525,1648,"Y"
"197",275000,15676,29,2014,864,2014,"Y"
"198",125000,7440,55,1089,252,1089,"Y"
"199",107500,7000,98,1117,0,1347,"Y"
"200",102000,6000,80,1008,0,1522,"Y"
"201",82375,10320,93,536,0,1344,"N"
"202",162000,9830,51,1063,576,1287,"Y"
"203",221000,7180,5,1568,564,1568,"Y"
"204",176400,3628,2,1143,588,1143,"Y"
"205",149500,12160,56,1505,505,1505,"Y"
"206",178000,7837,16,799,380,1571,"Y"
"207",125200,6305,35,1008,352,1096,"Y"
"208",143000,4426,6,848,420,848,"Y"
"209",119500,8600,69,780,198,1376,"Y"
"210",329900,11643,1,1524,784,2358,"Y"
"211",187500,13758,17,1156,400,1717,"Y"
"212",175000,9900,42,1680,550,1691,"Y"
"213",112000,5175,49,808,308,808,"Y"
"214",159000,7700,25,1216,616,2432,"Y"
"215",84500,17217,0,1140,0,1140,"Y"
"216",184900,10083,6,1176,555,1200,"Y"
"217",131900,7689,37,796,336,796,"Y"
"218",137500,14375,51,819,525,1344,"Y"
"219",419005,12291,0,1966,1092,1966,"Y"
"220",345474,14333,0,2108,938,2122,"Y"
"221",189000,9842,87,612,621,2601,"Y"
"222",157000,5500,2,1073,246,1073,"Y"
"223",130250,9200,33,938,308,938,"Y"
"224",195000,3940,5,1415,644,1455,"Y"
"225",145000,6270,58,1001,871,2002,"N"
"226",85500,1504,35,546,253,1092,"Y"
"227",395000,14226,1,1935,895,1973,"Y"
"228",87500,8544,57,0,400,1040,"N"
"229",134000,2522,2,970,380,1709,"Y"
"230",134500,9360,46,621,280,1269,"Y"
"231",171000,9600,39,715,441,1645,"Y"
"232",113000,8480,64,793,240,793,"Y"
"233",154000,2448,5,764,474,1626,"Y"
"234",166800,13200,50,1395,441,1570,"Y"
"235",142500,3675,1,547,525,1072,"Y"
"236",160000,10800,106,954,520,2414,"N"
"237",325624,10562,0,1582,789,2161,"Y"
"238",188000,9627,13,996,650,2000,"Y"
"239",210000,8750,12,1417,511,1417,"Y"
"240",123000,5775,94,483,379,1427,"Y"
"241",140000,7315,49,1170,338,1170,"Y"
"242",196000,9819,32,1567,714,1567,"Y"
"243",137000,13526,41,935,288,935,"Y"
"244",91300,5784,71,190,273,886,"Y"
"245",108000,13907,68,996,0,996,"Y"
"246",227000,14670,42,1104,480,1988,"Y"
"247",168500,8530,14,384,400,1474,"Y"
"248",248500,9345,1,1615,864,1615,"Y"
"249",192500,14006,4,936,474,1776,"Y"
"250",220000,7500,9,1058,588,1874,"Y"
"251",146000,3604,1,689,540,1392,"Y"
"252",302000,115149,36,1643,739,1824,"Y"
"253",137000,9639,107,1075,342,1798,"Y"
"254",119916,6360,45,864,276,864,"Y"
"255",153500,13108,56,0,400,1226,"Y"
"256",200000,3242,4,1405,478,1405,"Y"
"257",167300,10667,36,1587,525,1587,"Y"
"258",245000,20270,29,1524,478,1524,"Y"
"259",140000,6221,66,728,528,1355,"Y"
"260",136500,4435,5,848,420,848,"Y"
"261",37900,5925,99,600,0,968,"N"
"262",86900,5400,68,672,308,672,"Y"
"263",187750,7200,0,1293,572,1301,"Y"
"264",85500,5900,83,440,0,869,"Y"
"265",191000,9316,2,879,578,1795,"Y"
"266",204750,9337,10,824,684,1786,"Y"
"267",83000,8248,84,864,0,1414,"N"
"268",99800,10410,76,713,371,713,"Y"
"269",385000,50271,25,1842,894,1842,"Y"
"270",137000,10890,68,1058,240,1551,"Y"
"271",123500,6120,85,1100,576,1902,"Y"
"272",179900,11700,38,708,776,1416,"Y"
"273",60000,9571,51,1276,350,1276,"Y"
"274",75000,6120,76,728,258,1162,"Y"
"275",180000,8049,16,1309,484,1339,"Y"
"276",115000,5520,88,565,355,1216,"Y"
"277",131000,26400,129,0,576,2016,"Y"
"278",116000,11556,56,720,240,882,"Y"
"279",98000,4571,92,624,513,1344,"N"
"280",162000,7750,4,660,400,1320,"Y"
"281",100000,9839,79,894,0,1666,"Y"
"282",139000,7350,57,952,840,952,"Y"
"283",215000,16196,9,1482,514,1494,"Y"
"284",342000,13069,3,1706,916,2956,"Y"
"285",335000,17500,51,1902,567,1902,"Y"
"286",123000,7200,37,894,600,894,"Y"
"287",110000,11475,51,1584,888,1776,"Y"
"288",214000,4379,3,1378,540,1378,"Y"
"289",171000,9247,46,858,490,1716,"Y"
"290",114500,6240,72,816,528,1176,"Y"
"291",102000,8877,55,836,396,1220,"Y"
"292",417500,13693,1,2418,650,2464,"Y"
"293",67500,9800,90,816,429,1012,"N"
"294",261500,11885,8,1299,531,1872,"Y"
"295",165600,7685,13,697,420,1501,"Y"
"296",272000,12227,31,1330,619,2872,"Y"
"297",143000,8012,30,923,264,923,"Y"
"298",257000,9801,1,1341,851,1861,"Y"
"299",215000,3196,3,1273,400,1456,"Y"
"300",89000,1680,34,483,264,948,"Y"
"301",179600,8500,3,1422,626,1422,"Y"
"302",202500,11737,82,848,240,1827,"N"
"303",130000,9764,41,894,450,894,"Y"
"304",139000,7560,51,1029,294,1339,"Y"
"305",140000,8400,66,940,240,1595,"Y"
"306",91500,7585,58,810,280,1456,"Y"
"307",300000,9545,6,1160,768,2234,"Y"
"308",173000,10457,40,784,898,1632,"Y"
"309",102000,7200,57,864,357,1238,"Y"
"310",173000,10852,6,959,472,1671,"Y"
"311",156932,8499,1,616,432,1412,"Y"
"312",208900,13125,11,1478,508,1493,"Y"
"313",141000,6876,70,1272,400,1969,"Y"
"314",114000,11200,46,1250,504,1298,"Y"
"315",211000,15295,11,860,608,1992,"Y"
"316",115000,8665,39,876,264,897,"Y"
"317",159000,9500,46,1394,514,1394,"Y"
"318",214000,10264,7,1588,472,1588,"Y"
"319",584500,17242,13,1733,959,3500,"Y"
"320",286500,16770,7,1712,701,1712,"Y"
"321",51689,12366,61,0,0,729,"N"
"322",105500,1680,39,525,320,1092,"Y"
"323",64500,10800,80,656,216,968,"Y"
"324",170000,9260,1,1162,483,1162,"Y"
"325",124000,9000,126,636,240,1750,"Y"
"326",260000,4835,6,1488,506,1488,"Y"
"327",538000,53504,7,1650,841,3279,"Y"
"328",130000,5500,81,926,484,1316,"Y"
"329",215700,13142,11,864,600,1771,"Y"
"330",110000,6120,76,741,180,1324,"Y"
"331",310000,11003,1,1017,812,2007,"Y"
"332",274000,9720,7,1357,725,1947,"Y"
"333",163500,13360,88,876,432,964,"Y"
"334",113000,21750,54,988,520,988,"Y"
"335",159900,12900,98,780,0,1560,"Y"
"336",234000,3196,3,1374,420,1557,"Y"
"337",183200,7861,4,783,393,1509,"Y"
"338",179200,7153,17,1278,496,1294,"Y"
"339",97500,7200,35,864,576,874,"Y"
"340",200500,8750,12,804,523,1682,"Y"
"341",168000,7848,10,384,410,1430,"Y"
"342",137500,8243,46,964,784,964,"Y"
"343",235876,9965,0,1528,480,1528,"Y"
"344",123500,6420,54,980,308,1148,"Y"
"345",145000,9144,68,883,240,1505,"Y"
"346",141000,7500,4,1080,0,1080,"Y"
"347",131500,12150,54,1050,352,1795,"N"
"348",189000,7500,11,994,442,1804,"Y"
"349",80400,4800,110,709,240,1844,"Y"
"350",350000,10019,11,1342,725,2726,"Y"
"351",165000,9150,46,1099,296,1431,"Y"
"352",204000,7321,8,1339,625,1358,"Y"
"353",215000,7020,9,1288,784,1368,"Y"
"354",206000,3880,32,1226,484,1226,"Y"
"355",191500,5005,18,1280,506,1280,"Y"
"356",256000,14695,43,1562,542,1567,"Y"
"357",161750,10900,33,689,299,1392,"Y"
"358",146300,4043,31,1069,440,1069,"Y"
"359",185900,8390,9,831,450,1651,"Y"
"360",457347,16023,1,1398,670,2798,"Y"
"361",137500,12395,24,864,484,889,"Y"
"362",126000,8668,39,1560,792,1560,"Y"
"363",157500,10440,104,650,686,1539,"Y"
"364",185000,9649,8,941,460,1644,"Y"
"365",144000,8850,90,815,225,1690,"Y"
"366",188500,16219,3,835,437,1119,"Y"
"367",166000,11900,51,1392,458,1392,"Y"
"368",190000,9671,40,1248,907,2544,"Y"
"369",176500,11029,50,1184,601,1414,"Y"
"370",189000,14565,14,832,483,1657,"Y"
"371",213000,6904,4,1358,484,1358,"Y"
"372",150500,8800,32,1040,484,1040,"Y"
"373",103200,5500,51,882,0,882,"Y"
"374",128500,6490,25,816,264,816,"Y"
"375",294900,11645,1,1570,754,1590,"Y"
"376",115000,10434,54,1005,672,1005,"Y"
"377",460000,12539,3,1620,1150,2790,"Y"
"378",157000,10920,48,1253,352,1253,"Y"
"379",125000,7200,33,1041,352,1125,"Y"
"380",152000,10793,38,780,462,1620,"Y"
"381",124000,7450,51,894,396,1074,"Y"
"382",138000,7111,80,1008,288,1143,"Y"
"383",90500,1936,36,546,0,1092,"Y"
"384",141000,9000,70,780,544,1375,"Y"
"385",377426,14157,2,1922,676,1922,"Y"
"386",113000,9340,68,672,234,672,"Y"
"387",99600,9350,33,864,0,864,"N"
"388",170000,10010,32,1389,418,1389,"Y"
"389",176000,9900,40,832,486,1978,"Y"
"390",64000,11792,62,744,480,1120,"N"
"391",186000,10420,1,1212,460,1212,"Y"
"392",149000,11241,40,1004,480,1004,"Y"
"393",119900,7800,67,793,410,1118,"Y"
"394",130000,3869,23,1038,264,1038,"Y"
"395",115500,8516,50,869,308,1093,"Y"
"396",194201,3922,1,1258,648,1402,"Y"
"397",112000,25339,89,816,576,1416,"Y"
"398",280000,14154,1,1063,947,2172,"Y"
"399",187500,14115,29,1372,588,1472,"Y"
"400",145000,7175,19,1332,542,1332,"Y"
"401",155000,41600,38,1100,828,1424,"Y"
"402",150900,12640,30,1728,574,1728,"Y"
"403",220000,9317,13,779,499,1958,"Y"
"404",183900,3735,7,691,506,1452,"Y"
"405",136000,9000,35,896,0,1792,"Y"
"406",108000,10200,68,672,240,672,"Y"
"407",200000,11643,40,1248,968,2634,"Y"
"408",179900,9350,43,1219,502,1265,"Y"
"409",190000,9620,33,1243,473,1285,"Y"
"410",150909,9060,84,859,0,1828,"Y"
"411",231500,12435,7,963,564,1792,"Y"
"412",155000,10452,55,1094,495,1094,"Y"
"413",125000,9280,56,1342,256,1342,"Y"
"414",287500,10010,15,1080,783,2197,"Y"
"415",269500,12003,1,774,680,1968,"Y"
"416",190000,18890,30,1361,600,2620,"Y"
"417",155000,9457,37,925,576,1422,"Y"
"418",128950,9320,51,950,0,1225,"Y"
"419",80900,5150,98,356,195,1049,"N"
"420",144000,9240,44,864,576,1211,"Y"
"421",161500,9790,42,1372,457,1342,"Y"
"422",78000,8520,90,216,0,936,"N"
"423",105000,6000,69,739,240,1342,"Y"
"424",235500,10820,8,988,597,1873,"Y"
"425",90000,7200,76,984,308,984,"Y"
"426",132000,7800,56,1268,244,1268,"Y"
"427",555000,15431,1,3094,672,2402,"Y"
"428",123000,11677,41,1040,264,1040,"Y"
"429",140000,4435,6,848,420,848,"Y"
"430",154000,10143,46,1380,364,1380,"Y"
"431",143900,13673,45,1140,349,1696,"Y"
"432",319900,7658,5,1752,576,1752,"Y"
"433",148000,3675,3,547,525,1072,"Y"
"434",209500,7793,88,1108,315,2068,"N"
"435",82000,8154,69,480,200,540,"Y"
"436",75200,3672,85,816,100,816,"Y"
"437",140750,10560,88,738,624,1470,"Y"
"438",167000,9045,2,768,400,1536,"Y"
"439",195000,12046,31,848,551,2030,"Y"
"440",269500,7939,9,1168,820,2787,"Y"
"441",217000,11750,2,1546,796,1546,"Y"
"442",149900,8385,31,985,328,985,"Y"
"443",161000,9600,80,689,360,1378,"Y"
"444",152400,8375,67,576,627,1350,"Y"
"445",65000,9000,88,592,216,864,"Y"
"446",146000,7000,45,1150,288,1150,"Y"
"447",178750,7875,11,691,420,1553,"Y"
"448",215000,12209,8,804,560,1961,"Y"
"449",207500,8998,8,782,532,1652,"Y"
"450",129000,9900,99,504,0,1464,"Y"
"451",227000,10000,1,1588,825,1588,"Y"
"452",165500,9600,53,992,377,1661,"Y"
"453",97500,5852,107,1020,0,1864,"N"
"454",187500,8702,11,926,470,1604,"Y"
"455",224900,8158,5,884,543,1768,"Y"
"456",206000,6762,4,1187,632,1208,"Y"
"457",131000,8128,55,1062,297,1062,"Y"
"458",137900,10680,55,2136,528,2136,"N"
"459",145000,7136,61,979,492,1958,"N"
"460",150000,6240,69,989,400,2009,"Y"
"461",188000,7810,77,930,231,1755,"Y"
"462",147900,16561,11,1097,242,1097,"Y"
"463",137000,3612,13,630,484,1320,"Y"
"464",140000,12155,83,672,400,1482,"N"
"465",125000,8250,71,0,260,1032,"N"
"466",284000,10655,6,3206,880,1629,"Y"
"467",190000,3515,6,840,588,1680,"Y"
"468",184000,11088,31,1140,479,1707,"Y"
"469",89500,7920,88,319,0,1406,"Y"
"470",187500,9590,4,868,438,1146,"Y"
"471",128900,9600,53,1050,338,1050,"Y"
"472",386250,13472,6,2392,968,2392,"Y"
"473",308030,17485,1,1508,572,1508,"Y"
"474",125000,9600,82,702,250,1472,"Y"
"475",118000,1680,37,483,264,987,"Y"
"476",281213,12665,2,1094,642,2482,"Y"
"477",284700,47007,49,0,624,3820,"Y"
"478",240000,10905,5,1129,596,2327,"Y"
"479",136500,10778,42,1768,0,1768,"N"
"480",137500,12375,55,806,288,1422,"Y"
"481",125000,7175,26,744,264,752,"Y"
"482",138000,9650,85,784,599,1603,"Y"
"483",134000,4224,31,1142,528,1142,"Y"
"484",150000,9991,33,1281,490,1620,"Y"
"485",171000,16647,32,1390,611,1701,"Y"
"486",462000,14257,2,1776,754,2772,"Y"
"487",214000,8755,10,992,390,2060,"Y"
"488",149000,6615,86,1022,216,1432,"N"
"489",132500,8480,44,970,624,970,"Y"
"490",330000,9763,9,1502,286,1502,"Y"
"491",144152,3180,1,600,480,1200,"Y"
"492",213000,9750,9,1630,451,1630,"Y"
"493",202500,6955,1,1368,474,1368,"Y"
"494",412500,13688,5,1572,726,2668,"Y"
"495",122000,8212,68,720,256,1298,"Y"
"496",227000,9808,7,1573,544,1573,"Y"
"497",290000,13262,6,1082,730,2400,"Y"
"498",114000,7506,83,747,288,1159,"Y"
"499",161000,5100,83,588,228,1666,"Y"
"500",143450,11700,39,912,412,1152,"Y"
"501",145400,7000,80,861,506,1285,"Y"
"502",109500,6120,87,1124,288,1068,"Y"
"503",199500,18494,5,1324,430,1324,"Y"
"504",180000,14250,51,998,540,1790,"Y"
"505",104900,9738,82,784,392,1221,"Y"
"506",222000,9930,4,826,591,1762,"Y"
"507",241600,15417,28,1740,540,1740,"Y"
"508",552000,14836,5,2492,949,2492,"Y"
"509",334000,8118,1,1710,557,1710,"Y"
"510",183600,7488,1,1208,632,1208,"Y"
"511",271000,13265,6,1568,857,1689,"Y"
"512",85400,1680,37,483,264,987,"Y"
"513",163000,10197,47,1362,504,1362,"Y"
"514",122000,16287,82,901,576,1351,"Y"
"515",301000,10380,21,1502,576,2730,"Y"
"516",130000,16300,30,876,308,907,"Y"
"517",104500,8626,51,0,331,968,"Y"
"518",167000,10004,45,1516,472,1516,"Y"
"519",133500,6285,31,960,528,1044,"Y"
"520",212000,10667,13,799,550,1661,"Y"
"521",128500,12358,66,720,660,1382,"Y"
"522",336000,12203,11,1225,676,2612,"Y"
"523",135000,10800,57,720,0,1192,"N"
"524",175000,12243,36,1484,487,1484,"Y"
"525",196500,7162,3,796,616,1724,"Y"
"526",254900,12552,6,991,678,1947,"Y"
"527",255000,8640,0,896,590,1792,"Y"
"528",152000,9672,26,1040,480,1097,"Y"
"529",132500,10780,30,911,576,954,"Y"
"530",120000,11767,59,1078,195,1368,"Y"
"531",263000,11762,15,1105,517,2202,"Y"
"532",105000,17529,82,872,322,872,"N"
"533",155500,7200,91,663,528,1595,"Y"
"534",110000,7340,36,858,684,858,"Y"
"535",61500,6882,52,0,0,1152,"N"
"536",193500,13000,41,896,509,2142,"Y"
"537",336860,10110,0,1858,870,1866,"Y"
"538",125000,11340,83,1200,312,1200,"Y"
"539",252000,12447,1,1100,760,1964,"Y"
"540",182000,4740,19,1166,480,1179,"Y"
"541",152000,12464,13,1040,576,1040,"Y"
"542",258000,12090,8,1141,420,2263,"Y"
"543",127500,9100,50,864,300,864,"Y"
"544",75500,1491,38,630,0,630,"Y"
"545",103500,11767,53,1150,313,1560,"Y"
"546",201000,8462,13,928,471,1721,"Y"
"547",160000,7200,43,0,0,2650,"Y"
"548",60000,6120,73,264,0,800,"N"
"549",221800,10324,1,1254,810,1254,"Y"
"550",180000,11200,21,1298,403,1298,"Y"
"551",207500,16321,49,1484,319,1600,"Y"
"552",109900,4800,91,1196,440,1196,"Y"
"553",127000,7006,83,768,384,1236,"Y"
"554",112000,6191,65,824,240,1288,"N"
"555",263550,11692,16,1173,623,2232,"Y"
"556",185000,10400,28,738,489,2044,"Y"
"557",190000,10708,54,1617,303,1867,"Y"
"558",185850,7052,1,1364,484,1364,"Y"
"559",134900,6950,30,914,444,914,"Y"
"560",250000,11500,70,1017,180,2057,"Y"
"561",176000,7750,6,707,403,1414,"Y"
"562",445000,15274,6,2452,886,2452,"Y"
"563",196000,9272,7,842,515,1749,"Y"
"564",157900,26142,48,1188,312,1188,"Y"
"565",157000,8235,29,1949,586,1949,"Y"
"566",250000,13128,1,1074,527,2064,"Y"
"567",55000,5600,80,0,0,1092,"N"
"568",296000,16870,5,1782,932,1782,"Y"
"569",118000,8125,50,864,308,864,"Y"
"570",119500,8927,29,0,528,1654,"Y"
"571",235000,8470,7,972,565,1811,"Y"
"572",145000,10265,41,992,294,992,"Y"
"573",133000,6120,74,884,240,1573,"Y"
"574",275500,10240,1,1030,878,2098,"Y"
"575",187000,9600,31,528,512,1855,"Y"
"576",238500,7500,3,1372,692,1448,"Y"
"577",256900,10400,42,932,515,2640,"Y"
"578",155000,8816,39,1010,440,1052,"Y"
"579",326000,16033,2,1833,772,1850,"Y"
"580",133000,7500,47,1040,308,1040,"Y"
"581",191000,9382,9,1468,577,1479,"Y"
"582",139900,12342,47,978,286,1422,"Y"
"583",129900,7100,49,816,308,816,"Y"
"584",294323,9512,1,960,541,2318,"Y"
"585",173000,3480,6,1405,478,1405,"Y"
"586",132500,7931,50,1148,672,1148,"Y"
"587",239000,5306,19,1064,504,1767,"Y"
"588",271900,14684,19,2158,701,2196,"Y"
"589",84500,1936,37,630,0,630,"Y"
"590",165000,15400,48,552,384,1774,"Y"
"591",118500,6204,94,795,440,2230,"N"
"592",207000,13053,85,833,370,1848,"Y"
"593",259500,7259,62,1028,180,2320,"Y"
"594",55000,11340,88,723,400,1086,"N"
"595",196500,11645,2,860,565,1720,"Y"
"596",260116,16659,0,1582,728,2152,"Y"
"597",165500,9000,50,1151,356,1955,"Y"
"598",193000,13339,49,1561,463,1561,"Y"
"599",90000,13600,107,662,560,2337,"N"
"600",356383,12292,0,1094,675,2473,"Y"
"601",139400,9250,53,1056,260,1056,"Y"
"602",165000,8850,87,768,576,1376,"Y"
"603",110000,7677,55,773,240,773,"Y"
"604",178000,12090,23,585,477,1868,"Y"
"605",147400,2544,1,600,480,1223,"Y"
"606",217500,12984,29,1430,621,1647,"Y"
"607",152000,7500,3,1141,484,1141,"Y"
"608",185900,8800,41,1187,299,1565,"Y"
"609",131250,7706,16,384,429,1091,"Y"
"610",185000,8450,4,1337,531,1337,"Y"
"611",230000,5001,2,1314,626,1314,"Y"
"612",127500,9855,53,1436,480,1689,"Y"
"613",250000,11029,38,1054,619,2654,"Y"
"614",178000,8174,6,698,393,1342,"Y"
"615",125900,8000,46,1027,299,1027,"Y"
"616",275000,12728,6,1531,560,2439,"Y"
"617",135000,8125,43,912,576,925,"Y"
"618",66500,5720,68,676,200,1131,"Y"
"619",320000,7390,1,1884,649,1884,"Y"
"620",119000,6000,84,949,370,949,"Y"
"621",305000,12244,5,1482,749,2262,"Y"
"622",135000,8267,52,1604,576,1604,"Y"
"623",255000,13501,1,1623,865,1636,"Y"
"624",192000,8965,6,782,400,1489,"Y"
"625",197900,10400,11,866,546,1779,"Y"
"626",301000,8010,4,1054,552,2048,"Y"
"627",245350,10475,2,1694,776,1694,"Y"
"628",251000,5330,7,1494,499,1652,"Y"
"629",176000,12285,49,1329,441,1329,"Y"
"630",190000,11952,30,808,534,1969,"Y"
"631",174000,10385,28,995,672,1282,"Y"
"632",182000,11639,1,1428,480,1428,"Y"
"633",250580,8640,1,1372,529,1372,"Y"
"634",219990,3940,4,1393,668,1576,"Y"
"635",200825,8125,1,858,615,1716,"Y"
"636",120500,6900,68,740,924,778,"Y"
"637",125000,7094,41,894,384,894,"Y"
"638",361919,12438,0,1234,666,2576,"Y"
"639",110000,8472,47,816,516,816,"N"
"640",123900,6240,74,528,624,1040,"Y"
"641",167000,10628,37,1277,526,1277,"Y"
"642",192140,21930,1,732,372,1838,"Y"
"643",222000,13006,9,964,642,2236,"Y"
"644",125000,9750,48,960,624,960,"Y"
"645",153500,9129,30,923,678,1008,"Y"
"646",197000,3316,1,1247,550,1247,"Y"
"647",136000,8520,91,714,216,2526,"N"
"648",129000,18450,42,1021,596,2380,"Y"
"649",89000,5280,113,173,185,1361,"N"
"650",100000,7692,54,416,312,1204,"Y"
"651",122250,7308,88,936,225,1740,"N"
"652",76500,7038,39,864,576,864,"Y"
"653",139000,9000,52,1196,297,1196,"Y"
"654",245500,14963,12,1260,500,1288,"Y"
"655",153000,10152,50,1124,353,1124,"Y"
"656",125000,10230,84,1054,264,1078,"Y"
"657",189000,8400,13,384,390,1628,"Y"
"658",209200,8940,11,1344,784,1344,"Y"
"659",160000,7082,90,686,0,1928,"Y"
"660",155900,4435,2,848,420,848,"Y"
"661",246500,10235,0,1643,870,1651,"Y"
"662",159000,8000,49,1256,311,1256,"Y"
"663",140000,13825,50,533,300,1601,"Y"
"664",275000,10927,1,1058,736,1904,"Y"
"665",421250,16900,7,1479,746,2649,"Y"
"666",91000,9786,84,1007,210,1077,"N"
"667",192000,10005,31,1160,505,2022,"Y"
"668",224000,17500,55,1310,576,1906,"Y"
"669",270000,9549,11,1494,481,1494,"Y"
"670",198444,9729,1,698,350,1746,"Y"
"671",68104,11067,68,0,256,845,"Y"
"672",279700,9466,13,1494,478,1494,"Y"
"673",177900,14137,12,1348,404,1384,"Y"
"674",155000,2308,31,804,440,1548,"Y"
"675",113000,4456,89,736,0,1452,"Y"
"676",138400,6240,80,928,480,1536,"Y"
"677",184900,7632,1,784,449,1585,"Y"
"678",191000,9337,13,878,513,1692,"Y"
"679",177000,11512,49,1019,312,1357,"Y"
"680",135000,7000,47,1010,254,1134,"Y"
"681",159000,13695,4,1114,576,1114,"Y"
"682",174000,3684,2,1373,660,1555,"Y"
"683",124500,9600,50,1041,270,1041,"Y"
"684",226001,8696,11,1418,558,1418,"Y"
"685",150000,11988,50,1244,336,1244,"Y"
"686",138000,6723,36,796,0,796,"Y"
"687",126000,7890,71,856,399,856,"Y"
"688",167800,8918,4,745,392,1490,"Y"
"689",148325,7040,30,1094,672,1229,"Y"
"690",130000,7134,52,384,572,1360,"Y"
"691",163500,12155,37,1657,484,1657,"Y"
"692",236500,5389,15,1595,608,1616,"Y"
"693",313000,11050,9,1440,736,2153,"Y"
"694",135000,9482,51,1866,495,1866,"Y"
"695",159434,4500,77,793,281,1520,"Y"
"696",615000,12720,5,2535,789,2470,"Y"
"697",394432,11394,0,1856,834,1856,"Y"
"698",150000,9019,12,636,472,1320,"Y"
"699",130000,43500,54,0,1041,2034,"Y"
"700",175000,11457,21,1392,576,1412,"Y"
"701",146500,11836,36,1652,928,1652,"Y"
"702",101000,7200,87,530,288,1111,"N"
"703",221500,8987,5,1595,880,1595,"Y"
"704",144000,4435,6,848,420,848,"Y"
"705",197500,10304,33,780,484,1868,"Y"
"706",163990,8461,1,728,390,1456,"Y"
"707",192500,3182,4,1373,430,1555,"Y"
"708",134500,10205,44,925,300,999,"Y"
"709",128500,9560,34,864,288,864,"Y"
"710",93500,5976,86,624,0,1248,"N"
"711",242000,11275,43,710,564,2978,"Y"
"712",337500,12456,3,1700,786,1718,"Y"
"713",109900,17808,61,484,336,1242,"N"
"714",124500,8314,25,816,264,816,"Y"
"715",148000,12929,48,1081,401,1081,"Y"
"716",184900,10337,97,725,816,1772,"N"
"717",185000,7200,0,1262,572,1262,"Y"
"718",284000,10625,5,998,871,2046,"Y"
"719",301600,21281,72,666,1200,3086,"Y"
"720",144000,8731,87,915,495,1167,"Y"
"721",214000,10171,6,1517,532,1535,"Y"
"722",158000,9364,41,663,299,1352,"Y"
"723",157000,10000,35,1176,439,1178,"Y"
"724",135000,7804,81,1122,576,1981,"Y"
"725",150000,8973,48,1008,750,1053,"Y"
"726",242500,23580,27,1625,576,1625,"Y"
"727",118900,7200,57,732,240,732,"Y"
"728",186500,9750,4,1445,470,1445,"Y"
"729",216500,7851,8,860,440,1960,"Y"
"730",140000,9000,62,904,869,1499,"Y"
"731",110500,6000,81,1103,440,1103,"Y"
"732",132000,8000,61,972,240,972,"Y"
"733",328000,14000,14,1306,533,2260,"Y"
"734",98000,1477,38,546,0,1092,"Y"
"735",96900,7614,101,738,216,1376,"Y"
"736",151000,1950,28,716,452,1556,"Y"
"737",175000,10050,41,793,432,1280,"Y"
"738",180000,11317,4,840,500,1668,"Y"
"739",230000,9066,9,1004,660,1852,"Y"
"740",187000,14175,51,1240,323,1375,"Y"
"741",145500,7626,57,1031,230,1031,"Y"
"742",154000,7500,51,1246,305,1246,"Y"
"743",130500,11767,62,768,240,1200,"Y"
"744",135000,10410,93,660,180,1656,"Y"
"745",297000,10637,2,1705,826,1718,"Y"
"746",185000,10141,11,832,427,1718,"Y"
"747",150000,7711,30,1440,0,1440,"Y"
"748",63900,9000,62,0,0,660,"N"
"749",137000,9724,59,938,273,1043,"Y"
"750",285000,11999,4,1181,656,2374,"Y"
"751",260000,9085,14,1070,647,2061,"Y"
"752",143750,4928,33,958,440,958,"Y"
"753",167000,10368,42,1008,430,1488,"Y"
"754",163000,11500,42,1040,480,1040,"Y"
"755",118858,7018,30,0,400,1535,"Y"
"756",110000,11800,58,0,384,1382,"Y"
"757",159500,10032,51,1244,440,1580,"Y"
"758",112500,7700,35,882,461,882,"Y"
"759",181000,17043,30,1362,435,1586,"Y"
"760",208300,7862,0,1218,676,1218,"Y"
"761",207000,8198,4,1358,484,1358,"Y"
"762",189000,11218,18,1055,462,1845,"Y"
"763",201000,25485,47,1560,580,1560,"Y"
"764",138000,8000,50,528,288,1183,"Y"
"765",206000,12732,35,752,784,2067,"Y"
"766",129900,9100,48,864,624,864,"Y"
"767",168000,17671,127,916,424,1742,"Y"
"768",284500,9660,11,1173,516,2199,"Y"
"769",130000,2522,2,970,380,1709,"Y"
"770",110000,9140,89,629,625,1107,"Y"
"771",146000,7500,1,1100,0,1100,"Y"
"772",275000,12800,20,1518,569,1644,"Y"
"773",200000,3903,2,1302,631,1302,"Y"
"774",320000,13618,1,1728,714,1960,"Y"
"775",222000,4403,1,1470,484,1478,"Y"
"776",148500,2529,31,1055,440,1055,"Y"
"777",169985,10237,0,738,440,1492,"Y"
"778",129000,11851,62,1027,240,1633,"Y"
"779",139000,8176,49,1056,308,1056,"Y"
"780",165000,9535,39,1176,512,1458,"Y"
"781",359900,11577,1,1838,682,1838,"Y"
"782",158000,15600,60,1067,295,1523,"N"
"783",135000,3378,63,651,240,1389,"Y"
"784",157000,10200,35,1434,528,1434,"Y"
"785",105000,7000,44,864,336,864,"Y"
"786",139950,7875,47,1144,456,1144,"Y"
"787",129400,6000,103,572,0,1540,"Y"
"788",109900,7200,56,0,420,1040,"Y"
"789",230000,11435,77,792,400,1517,"Y"
"790",125600,5190,60,570,249,1079,"Y"
"791",235000,18559,30,2048,550,2064,"Y"
"792",181000,9316,1,784,610,1596,"Y"
"793",184000,7472,35,725,484,1479,"Y"
"794",319500,9709,0,918,786,2100,"Y"
"795",316000,10574,4,1148,756,2332,"Y"
"796",290000,10182,0,1660,500,1660,"Y"
"797",339750,10800,1,1034,836,2078,"Y"
"798",375000,215245,44,2136,513,2036,"Y"
"799",124500,8120,39,864,463,864,"Y"
"800",105000,11622,49,882,730,896,"Y"
"801",380000,13693,1,2153,694,2643,"Y"
"802",173900,8846,1,750,564,1500,"Y"
"803",114900,6048,100,856,450,1680,"Y"
"804",202500,6442,1,1370,484,1370,"Y"
"805",175500,12090,27,1422,576,1422,"Y"
"806",68500,6324,81,520,240,520,"N"
"807",168165,13204,1,608,454,1458,"Y"
"808",404000,12350,1,2020,896,2020,"Y"
"809",280000,7841,2,1577,564,1577,"Y"
"810",268500,10566,7,1090,646,2214,"Y"
"811",106000,8100,111,849,360,2138,"N"
"812",62500,3000,87,1040,0,2128,"N"
"813",172500,13650,48,1052,451,1920,"Y"
"814",160000,8658,41,1088,440,1324,"Y"
"815",165000,9500,43,816,540,1977,"Y"
"816",83000,1953,33,483,264,987,"Y"
"817",192350,10400,28,1259,478,1353,"Y"
"818",82500,5330,69,420,0,708,"Y"
"819",213000,9317,16,740,425,1775,"Y"
"820",110000,8308,44,1088,520,1088,"Y"
"821",272500,11422,2,1838,524,1838,"Y"
"822",252678,8640,0,900,644,1852,"Y"
"823",84500,6780,71,520,0,754,"N"
"824",175500,2628,7,764,474,1626,"Y"
"825",149900,9800,34,894,552,894,"Y"
"826",241500,10400,18,1845,604,1872,"Y"
"827",137500,9373,55,1152,636,1152,"Y"
"828",174500,11475,48,1208,368,1576,"Y"
"829",112500,15783,55,924,420,924,"Y"
"830",285000,4538,7,1310,545,1310,"Y"
"831",116000,8450,38,882,294,909,"Y"
"832",170000,3696,21,1074,461,1088,"Y"
"833",174000,9802,4,384,400,1444,"Y"
"834",100000,7150,42,892,288,892,"Y"
"835",87550,1533,36,546,286,1092,"Y"
"836",200141,11175,0,1316,440,1316,"Y"
"837",88000,8125,35,858,0,858,"Y"
"838",145000,8400,53,1314,294,1314,"Y"
"839",213000,11050,12,910,816,1820,"Y"
"840",130500,6600,26,816,264,816,"Y"
"841",132250,25286,44,1064,648,1040,"Y"
"842",129500,9100,44,988,624,988,"Y"
"843",165500,11950,4,384,400,1394,"Y"
"844",204900,8990,0,1498,675,1498,"Y"
"845",85000,7200,99,1022,280,1022,"N"
"846",160000,7000,80,624,312,1479,"Y"
"847",135000,7390,53,1098,260,1098,"Y"
"848",354000,12099,3,1136,872,2468,"Y"
"849",167000,9734,5,384,400,1374,"Y"
"850",279500,12782,7,1822,523,1828,"Y"
"851",220000,11492,13,913,559,2122,"Y"
"852",320000,13650,8,1671,756,2250,"Y"
"853",309000,13751,1,1700,773,2212,"Y"
"854",119000,13587,52,988,264,988,"Y"
"855",153600,11327,39,1064,528,1064,"Y"
"856",188500,9547,14,1594,472,1594,"Y"
"857",193000,10628,5,835,478,1812,"Y"
"858",110000,10440,99,440,440,1230,"Y"
"859",99500,7392,78,520,360,912,"Y"
"860",128000,7350,51,1041,294,1041,"Y"
"861",290000,12257,12,1318,752,2531,"Y"
"862",165400,6931,5,746,397,1656,"Y"
"863",392500,5587,0,1600,482,1652,"Y"
"864",162500,11120,24,1232,516,1232,"Y"
"865",148000,10395,29,1032,564,1032,"Y"
"866",147000,12712,34,1044,542,1055,"Y"
"867",161500,11250,52,1104,304,1788,"Y"
"868",451950,13478,1,1722,842,2296,"Y"
"869",162900,6240,78,1078,360,1573,"Y"
"870",298236,10672,0,1054,672,2389,"Y"
"871",120000,9060,50,0,252,1340,"Y"
"872",172000,9927,30,1047,596,1083,"Y"
"873",395192,10159,1,1930,606,1940,"Y"
"874",83500,1974,37,546,286,1092,"Y"
"875",611657,12919,1,2330,820,2364,"Y"
"876",138500,8400,38,1052,288,1052,"Y"
"877",350000,14277,4,1317,818,2385,"Y"
"878",200000,6762,2,1282,662,1290,"Y"
"879",148000,10000,50,1058,300,1370,"Y"
"880",214000,3760,26,1235,484,1235,"Y"
"881",144000,6979,30,1056,576,1056,"Y"
"882",500067,17169,0,2320,1174,2290,"Y"
"883",127000,7700,50,301,684,1145,"Y"
"884",230500,11194,6,1406,504,1936,"Y"
"885",165000,14149,43,980,528,1020,"Y"
"886",168675,8333,1,738,484,1491,"Y"
"887",123000,8294,36,858,480,872,"Y"
"888",215000,9554,13,777,471,1911,"Y"
"889",140000,10300,89,576,480,1710,"Y"
"890",208000,13607,23,572,501,1982,"Y"
"891",124000,9488,61,1046,240,1054,"N"
"892",287000,15498,32,1565,665,2898,"Y"
"893",175000,10021,10,635,497,1308,"Y"
"894",135000,9600,58,1212,240,1668,"Y"
"895",132500,6120,81,756,379,1281,"Y"
"896",148000,8760,51,1194,312,1194,"Y"
"897",159900,10400,32,1444,473,1444,"Y"
"898",179000,10800,22,1200,0,1200,"Y"
"899",136500,10659,45,1050,368,1050,"Y"
"900",176485,8993,0,1302,436,1302,"Y"
"901",127000,6897,48,1040,260,1040,"Y"
"902",85000,8777,98,796,0,796,"Y"
"903",297900,9428,1,955,880,1874,"Y"
"904",208900,4230,1,1352,466,1352,"Y"
"905",136500,7000,31,864,336,864,"Y"
"906",111000,4800,98,680,330,1360,"N"
"907",187500,13031,11,691,409,1498,"Y"
"908",100000,8877,71,816,288,816,"Y"
"909",103000,6240,84,780,539,1208,"Y"
"910",128000,8012,27,630,283,1266,"Y"
"911",203160,8581,0,851,578,1737,"Y"
"912",165500,10552,51,1398,447,1700,"Y"
"913",212300,9780,57,976,299,1952,"Y"
"914",214000,9135,6,1536,532,1536,"Y"
"915",211000,11250,8,944,608,1870,"Y"
"916",127000,2665,29,757,336,1475,"Y"
"917",244000,11160,42,2110,522,2110,"Y"
"918",120000,2280,35,836,308,836,"Y"
"919",207000,8810,3,1390,545,1390,"Y"
"920",113000,6380,84,993,280,1048,"Y"
"921",319000,11302,1,1814,758,1826,"Y"
"922",86900,7008,106,448,280,720,"Y"
"923",143250,10530,36,981,576,981,"Y"
"924",235000,10316,8,992,839,1865,"Y"
"925",210400,9000,1,1335,575,1335,"Y"
"926",65000,12205,59,448,0,1588,"Y"
"927",119000,8917,39,1584,506,1584,"Y"
"928",158000,11553,38,1051,336,1159,"Y"
"929",188000,9297,30,1728,560,1728,"Y"
"930",188000,15957,30,1244,528,1356,"Y"
"931",318000,10389,7,1978,850,1978,"Y"
"932",147500,8574,93,816,440,1232,"Y"
"933",179900,11475,31,713,434,1552,"Y"
"934",178000,7777,11,1491,571,1491,"Y"
"935",185000,9765,16,680,420,1470,"Y"
"936",372402,13891,1,1710,866,1710,"Y"
"937",415000,19800,71,1836,836,3672,"Y"
"938",279500,10652,1,1494,840,1494,"Y"
"939",180500,13515,88,764,520,1824,"Y"
"940",126000,9308,41,984,310,984,"Y"
"941",169500,7758,76,1040,240,1818,"Y"
"942",323262,10933,0,1555,1138,1680,"Y"
"943",137450,6171,84,976,216,1608,"Y"
"944",160000,9600,69,728,256,1308,"Y"
"945",105000,9060,70,560,280,1258,"Y"
"946",86000,9098,87,528,0,605,"Y"
"947",215200,8640,1,756,614,1547,"Y"
"948",134000,8250,40,952,322,1211,"Y"
"949",98000,8777,96,676,528,1436,"Y"
"950",180000,18265,22,1256,578,1256,"Y"
"951",210000,8737,84,1065,440,1635,"Y"
"952",201000,9196,7,1560,573,1560,"Y"
"953",215000,31770,50,1080,528,1656,"Y"
"954",141000,8000,46,1800,0,1800,"N"
"955",133000,8445,37,768,396,768,"Y"
"956",178900,8000,33,1084,488,1877,"Y"
"957",340000,16545,11,1284,1069,2450,"Y"
"958",234250,6240,2,1342,550,1342,"Y"
"959",116500,1879,28,516,462,1032,"Y"
"960",52000,4130,73,270,0,729,"Y"
"961",95000,9084,67,616,200,1111,"N"
"962",116050,9353,36,864,280,864,"Y"
"963",250000,9605,1,982,574,1977,"Y"
"964",125000,10880,58,1164,240,1164,"N"
"965",150000,7200,53,768,480,1588,"Y"
"966",274000,12677,5,1518,588,1518,"Y"
"967",184100,7750,7,408,527,1419,"Y"
"968",89471,5925,70,907,672,1131,"Y"
"969",535000,16052,0,1850,736,2698,"Y"
"970",228500,11287,18,807,575,1982,"Y"
"971",130000,10267,90,816,275,838,"Y"
"972",183000,11184,10,932,460,1633,"Y"
"973",148500,8750,39,1002,902,1002,"Y"
"974",221370,6240,1,1324,550,1324,"Y"
"975",125000,8521,43,912,336,912,"Y"
"976",132000,13072,1,1131,0,1131,"Y"
"977",245000,12864,5,1409,576,1409,"Y"
"978",93000,6000,56,936,576,936,"N"
"979",124000,8020,42,912,0,912,"N"
"980",132000,6120,78,832,576,854,"Y"
"981",282500,5911,1,1560,556,1565,"Y"
"982",192000,8749,5,1459,527,1459,"Y"
"983",217000,12352,9,853,534,1753,"Y"
"984",149300,4426,4,848,420,848,"Y"
"985",125000,9100,43,1728,504,1728,"Y"
"986",157500,9360,38,976,504,976,"Y"
"987",225000,9158,0,1496,474,1496,"Y"
"988",111000,1680,36,483,264,987,"Y"
"989",80000,1477,39,630,286,630,"Y"
"990",130000,3701,19,1191,461,1204,"Y"
"991",89500,4480,85,1022,184,1022,"N"
"992",181000,7441,1,1461,566,1486,"Y"
"993",360000,11578,1,1736,834,1736,"Y"
"994",131000,6860,51,1008,308,1008,"Y"
"995",153500,10140,31,1056,495,1074,"Y"
"996",95541,12900,88,1300,400,1140,"Y"
"997",370000,11447,3,1964,892,1964,"Y"
"998",128500,10284,82,1151,580,1281,"Y"
"999",97900,6956,58,624,265,936,"Y"
"1000",187500,5814,25,1220,565,1360,"Y"
"1001",100500,1890,36,483,352,987,"Y"
"1002",160000,9720,30,995,576,1009,"Y"
"1003",202900,14191,8,967,431,1908,"Y"
"1004",61500,7830,85,492,200,492,"Y"
"1005",143000,25095,41,1437,452,1473,"Y"
"1006",245700,9926,2,1614,878,1614,"Y"
"1007",143000,10496,58,1040,315,1846,"Y"
"1008",236500,11838,8,1753,522,1788,"Y"
"1009",224500,8800,43,845,539,2154,"Y"
"1010",157000,8286,30,716,531,1432,"Y"
"1011",109000,10134,67,735,240,1034,"Y"
"1012",200500,18030,61,1598,0,3086,"Y"
"1013",213000,8749,4,979,610,1932,"Y"
"1014",270000,11792,6,1008,632,2283,"Y"
"1015",263000,9375,6,912,615,2094,"Y"
"1016",185900,8320,4,770,520,1582,"Y"
"1017",87000,9439,77,912,160,1248,"Y"
"1018",151400,3964,33,942,576,2521,"Y"
"1019",139900,6000,62,780,312,1416,"Y"
"1020",127000,7200,35,864,576,864,"Y"
"1021",192000,3182,6,1256,430,1269,"Y"
"1022",372000,13615,1,1802,843,1802,"Y"
"1023",194000,12400,66,901,410,1717,"Y"
"1024",233000,10142,6,956,618,2084,"Y"
"1025",175000,7200,70,731,240,1768,"Y"
"1026",185101,9073,0,738,440,1492,"Y"
"1027",170000,13355,37,825,464,1670,"Y"
"1028",128500,8300,39,952,288,952,"Y"
"1029",212500,18837,32,1224,678,1891,"Y"
"1030",89500,9000,62,0,460,998,"N"
"1031",115000,8500,88,793,0,1517,"N"
"1032",210250,3087,0,1220,437,1364,"Y"
"1033",261329,10440,0,1574,594,1584,"Y"
"1034",81000,8410,96,658,0,1184,"Y"
"1035",210000,13175,32,1542,500,2073,"Y"
"1036",184000,10928,4,728,390,1456,"Y"
"1037",106250,10800,108,0,0,1294,"N"
"1038",181000,10839,11,926,470,1604,"Y"
"1039",178400,12122,47,944,588,999,"Y"
"1040",153575,8730,92,698,384,1396,"Y"
"1041",143750,4435,7,848,420,848,"Y"
"1042",315000,9200,10,1470,696,2630,"Y"
"1043",185000,28698,42,1013,538,2126,"Y"
"1044",245000,10206,1,1563,758,1563,"Y"
"1045",148000,8846,10,870,576,914,"Y"
"1046",181000,24682,10,841,502,1675,"Y"
"1047",139500,6000,93,728,308,1456,"Y"
"1048",106000,1869,38,483,280,987,"Y"
"1049",151000,9750,39,1054,460,1054,"Y"
"1050",193000,7415,4,839,398,1593,"Y"
"1051",109900,7162,42,876,408,904,"Y"
"1052",97000,1680,37,483,288,987,"Y"
"1053",107500,7200,55,0,392,827,"Y"
"1054",545224,18062,0,1528,758,3390,"Y"
"1055",105500,7227,54,832,528,832,"Y"
"1056",158000,11050,34,1176,506,1193,"Y"
"1057",252000,10790,9,1066,600,2385,"Y"
"1058",158900,11616,32,672,440,1386,"Y"
"1059",239900,9178,1,1468,904,1468,"Y"
"1060",248000,29959,15,973,467,1850,"Y"
"1061",243000,12615,57,1202,576,2158,"Y"
"1062",115400,14299,43,1005,440,1005,"Y"
"1063",307000,10084,3,1686,636,1694,"Y"
"1064",334000,11025,14,1334,888,2826,"Y"
"1065",131000,11409,60,768,281,1716,"Y"
"1066",128000,6000,70,572,576,1196,"Y"
"1067",138500,12172,67,822,512,908,"Y"
"1068",167900,10140,35,1116,528,1116,"Y"
"1069",213000,12299,29,1529,663,1664,"Y"
"1070",213500,9245,1,939,639,1797,"Y"
"1071",158000,13072,2,1158,576,1158,"Y"
"1072",455000,13870,1,1742,724,2042,"Y"
"1073",126500,10172,38,864,288,874,"Y"
"1074",171900,4017,2,625,625,1250,"Y"
"1075",161000,10544,41,864,275,1479,"Y"
"1076",217500,11064,13,1230,477,1239,"Y"
"1077",255000,12671,53,1288,527,2422,"Y"
"1078",180000,2998,9,756,440,1512,"Y"
"1079",166000,8229,0,752,440,1504,"Y"
"1080",133000,10425,52,1104,384,1104,"Y"
"1081",164000,12134,22,559,492,1752,"Y"
"1082",100000,7446,65,788,0,788,"Y"
"1083",82000,8400,59,721,294,841,"Y"
"1084",225000,7800,58,896,230,2008,"Y"
"1085",127000,9350,63,756,209,1531,"Y"
"1086",88250,1900,40,546,0,1092,"Y"
"1087",287090,9262,1,1573,840,1578,"Y"
"1088",415000,14780,1,1868,1085,1868,"Y"
"1089",130000,6760,45,896,288,936,"Y"
"1090",220000,33120,44,1595,576,2486,"Y"
"1091",240000,9375,13,1040,621,2098,"Y"
"1092",106000,2016,37,630,440,1302,"Y"
"1093",219210,14054,0,879,660,1863,"Y"
"1094",115000,10480,72,1064,240,1639,"Y"
"1095",140000,8400,38,833,326,898,"Y"
"1096",79900,5586,88,901,0,1198,"Y"
"1097",124500,3600,77,687,336,1358,"Y"
"1098",95000,10615,109,978,420,1699,"Y"
"1099",257000,10994,4,1844,620,1844,"Y"
"1100",278000,20355,39,1865,521,1830,"Y"
"1101",179200,8012,15,1575,529,1575,"Y"
"1102",185000,11207,9,802,413,1511,"Y"
"1103",239000,7399,10,975,576,1950,"Y"
"1104",155000,4113,6,1337,511,1337,"Y"
"1105",193000,9627,1,1351,610,1361,"Y"
"1106",13100,14584,56,0,487,733,"N"
"1107",177000,2980,10,756,440,1512,"Y"
"1108",159950,13400,40,1024,484,1086,"Y"
"1109",153000,7703,30,450,504,1034,"Y"
"1110",260000,9771,13,1077,614,2814,"Y"
"1111",108000,5142,85,949,205,1292,"Y"
"1112",194500,9453,17,996,457,1744,"Y"
"1113",195800,8400,1,784,572,1611,"Y"
"1114",229000,13837,18,1204,786,2183,"Y"
"1115",209000,8127,6,812,628,1653,"Y"
"1116",374000,11846,3,1792,874,1792,"Y"
"1117",194500,7314,2,1232,632,1232,"Y"
"1118",157500,17600,49,1478,498,1478,"Y"
"1119",426000,12474,1,1682,846,2332,"Y"
"1120",148800,10710,43,864,656,1120,"Y"
"1121",105000,7898,90,576,676,985,"Y"
"1122",223000,16381,37,1844,540,1844,"Y"
"1123",169000,15410,36,1208,461,1494,"Y"
"1124",147000,12000,60,924,528,1122,"Y"
"1125",200000,10928,31,1427,484,1671,"Y"
"1126",220000,11275,75,854,432,1991,"Y"
"1127",250000,11428,1,1626,866,1634,"Y"
"1128",183000,10800,45,1313,418,1773,"Y"
"1129",185000,7980,18,1168,420,1187,"Y"
"1130",311872,9416,0,1726,786,1726,"Y"
"1131",157500,8340,29,675,317,1388,"Y"
"1132",80500,6240,59,0,0,912,"N"
"1133",410000,13438,1,2190,780,2036,"Y"
"1134",112000,11767,97,560,384,1346,"N"
"1135",140200,6435,67,972,312,1577,"Y"
"1136",118400,8263,87,1012,308,1012,"Y"
"1137",142000,9600,38,1051,504,1051,"Y"
"1138",240000,7380,11,1418,495,1478,"Y"
"1139",156000,13568,11,990,576,990,"Y"
"1140",240900,7000,6,926,581,1884,"Y"
"1141",128000,6858,95,806,216,1647,"N"
"1142",333168,14774,11,1393,779,2599,"Y"
"1143",240000,14859,0,1670,690,1670,"Y"
"1144",212000,5118,17,1312,484,1321,"Y"
"1145",155000,7590,40,660,453,1348,"Y"
"1146",132500,6000,70,780,280,1412,"Y"
"1147",336820,15218,0,1670,928,1670,"Y"
"1148",141500,9600,58,572,264,1337,"Y"
"1149",105000,9492,66,768,240,1376,"Y"
"1150",109500,9022,85,768,240,792,"Y"
"1151",330000,9044,11,1325,933,2538,"Y"
"1152",140500,9750,43,1625,484,1625,"Y"
"1153",145100,10500,45,1292,520,1292,"Y"
"1154",213133,9910,0,1369,605,1369,"Y"
"1155",79500,9100,78,742,308,935,"Y"
"1156",91000,6292,78,768,160,790,"N"
"1157",155000,7200,73,560,576,1135,"Y"
"1158",128000,9920,56,1056,280,1063,"Y"
"1159",161000,9200,42,1042,440,1042,"Y"
"1160",108500,10042,87,660,216,865,"Y"
"1161",300000,3842,2,1594,525,1646,"Y"
"1162",154900,7681,88,731,186,1343,"Y"
"1163",470000,18261,1,1910,722,2000,"Y"
"1164",236000,8795,9,952,554,2256,"Y"
"1165",109000,11672,81,816,210,816,"Y"
"1166",106900,5870,108,554,200,1290,"Y"
"1167",270000,20062,33,1420,690,1483,"Y"
"1168",169000,15300,45,1068,528,1264,"Y"
"1169",95000,6001,70,600,231,919,"N"
"1170",135000,10530,29,975,504,1004,"Y"
"1171",157900,9750,49,1442,301,1442,"Y"
"1172",50000,10320,97,771,264,1484,"Y"
"1173",73000,5232,83,680,504,764,"N"
"1174",174000,12589,4,742,390,1484,"Y"
"1175",310013,12217,0,955,880,1880,"Y"
"1176",134500,6600,26,845,264,845,"Y"
"1177",144900,9239,45,960,300,960,"Y"
"1178",142000,12160,51,1188,531,1188,"Y"
"1179",125000,16012,52,954,609,1482,"Y"
"1180",203000,8814,2,1274,508,1274,"Y"
"1181",149500,2544,6,600,480,1200,"Y"
"1182",130000,22692,54,1073,649,1630,"Y"
"1183",79000,5000,106,540,352,1440,"N"
"1184",145000,10482,49,588,264,1138,"Y"
"1185",119164,7628,68,801,440,1656,"Y"
"1186",120000,9981,41,1073,270,1073,"Y"
"1187",169000,14762,58,0,672,2320,"Y"
"1188",179000,8450,7,1349,539,1349,"Y"
"1189",190000,16492,44,1517,578,1888,"Y"
"1190",145500,3675,4,547,525,1072,"Y"
"1191",294000,11563,2,1518,788,1537,"Y"
"1192",201800,13700,43,864,492,1820,"Y"
"1193",165000,15584,53,825,336,2071,"Y"
"1194",117000,7200,35,385,728,875,"Y"
"1195",205950,8125,1,813,562,1665,"Y"
"1196",140000,9200,43,1136,384,1136,"Y"
"1197",111500,5520,86,1147,162,1657,"N"
"1198",129000,9571,54,1144,596,1144,"Y"
"1199",222000,21695,21,880,540,1680,"Y"
"1200",142250,9600,44,1232,490,1232,"Y"
"1201",274970,19690,40,697,432,2201,"Y"
"1202",168000,10364,12,806,373,1572,"Y"
"1203",113500,11625,42,1052,668,1052,"Y"
"1204",115000,9000,55,660,0,1396,"N"
"1205",86000,5400,87,691,216,691,"Y"
"1206",209500,4590,1,1554,627,1554,"Y"
"1207",171500,10176,20,1300,506,1341,"Y"
"1208",298751,11449,1,1884,520,1728,"Y"
"1209",415298,14450,1,2121,732,2121,"Y"
"1210",197900,17871,42,1680,480,1724,"Y"
"1211",610000,13693,2,2630,762,2674,"Y"
"1212",136900,9525,52,994,325,1855,"Y"
"1213",133700,7560,47,1040,286,1040,"Y"
"1214",83000,10625,90,458,366,835,"N"
"1215",95000,5914,118,684,0,1080,"Y"
"1216",257000,19958,49,585,461,2279,"Y"
"1217",260000,14330,32,1748,550,2646,"Y"
"1218",98600,8500,45,1235,480,1235,"Y"
"1219",128000,6155,88,611,502,1362,"Y"
"1220",94000,6342,135,780,0,1020,"N"
"1221",320000,12376,20,1673,594,3222,"Y"
"1222",155000,8536,1,1125,430,1125,"Y"
"1223",246990,2938,4,1368,398,1511,"Y"
"1224",200000,8750,11,928,492,1772,"Y"
"1225",144000,10400,53,1200,294,1200,"Y"
"1226",186500,10261,8,936,451,1792,"Y"
"1227",180000,5070,16,1280,506,1280,"Y"
"1228",190500,8450,7,827,627,1677,"Y"
"1229",446261,14948,0,1452,858,2713,"Y"
"1230",123000,8660,109,760,576,2168,"N"
"1231",155000,13125,49,1134,484,1803,"Y"
"1232",119500,6951,24,876,264,923,"Y"
"1233",154000,11700,41,727,441,1556,"Y"
"1234",317000,9591,3,1143,852,2473,"Y"
"1235",247000,10037,2,1460,480,1460,"Y"
"1236",160000,10784,16,384,402,1472,"Y"
"1237",137500,10012,36,1138,588,1181,"Y"
"1238",115000,3950,83,818,210,1224,"Y"
"1239",262500,9000,2,1566,750,1566,"Y"
"1240",147983,7018,30,0,720,2228,"Y"
"1241",100000,9825,45,0,0,1664,"N"
"1242",147500,9937,43,1256,276,1256,"Y"
"1243",205000,8880,16,948,463,2110,"Y"
"1244",266500,9042,69,1152,252,2340,"Y"
"1245",112000,1680,38,630,280,1302,"Y"
"1246",141500,6120,73,927,576,1539,"Y"
"1247",124900,6060,77,837,216,1001,"Y"
"1248",193879,6762,0,1286,662,1294,"Y"
"1249",185000,3907,21,982,598,1034,"Y"
"1250",125000,13600,51,1056,300,1056,"Y"
"1251",405000,9233,6,1540,774,2855,"Y"
"1252",269500,11855,9,1168,820,2787,"Y"
"1253",234500,8736,6,1553,588,1553,"Y"
"1254",183500,8244,3,840,440,1720,"Y"
"1255",309000,13418,2,1117,691,2452,"Y"
"1256",192000,19508,34,1430,484,1430,"Y"
"1257",292500,12511,30,1420,1314,2840,"Y"
"1258",316500,14463,1,1641,885,1641,"Y"
"1259",135000,7155,81,686,225,1461,"Y"
"1260",159900,10547,31,1152,252,1152,"Y"
"1261",290000,11929,13,1242,751,2501,"Y"
"1262",119000,5400,89,972,207,1480,"Y"
"1263",120000,10762,29,626,288,1217,"Y"
"1264",149000,10800,70,676,720,1352,"Y"
"1265",158000,12250,30,864,528,1174,"Y"
"1266",147000,9069,18,936,564,996,"Y"
"1267",191000,3182,3,1346,437,1504,"Y"
"1268",185000,11717,39,1442,615,1442,"Y"
"1269",218000,10768,31,1437,528,1437,"Y"
"1270",108000,9084,69,755,296,1510,"Y"
"1271",118000,7420,69,991,205,1077,"Y"
"1272",199500,12320,74,637,579,1609,"Y"
"1273",147000,2364,31,804,440,1548,"Y"
"1274",228950,164660,43,1499,529,1786,"Y"
"1275",144000,9600,52,1078,288,1150,"Y"
"1276",112500,6390,54,936,280,984,"Y"
"1277",130000,7130,42,864,312,864,"Y"
"1278",164990,8767,1,1310,400,1310,"Y"
"1279",160000,8094,98,1242,360,1984,"Y"
"1280",80000,9000,49,1006,0,1006,"Y"
"1281",107400,5790,95,840,379,1605,"N"
"1282",163900,9125,15,384,392,1482,"Y"
"1283",230000,17082,32,1117,522,1981,"Y"
"1284",120000,5400,88,931,0,1027,"Y"
"1285",148000,8750,32,852,360,918,"Y"
"1286",176000,13811,19,1112,551,1137,"Y"
"1287",135000,10320,102,756,216,1469,"Y"
"1288",135000,10950,58,864,318,1064,"Y"
"1289",196000,4282,4,1391,530,1391,"Y"
"1290",129000,8724,39,894,450,894,"Y"
"1291",93369,6449,103,707,0,1884,"N"
"1292",197900,12384,31,793,550,1935,"Y"
"1293",130000,7800,42,864,288,899,"Y"
"1294",160200,3182,4,1145,397,1145,"Y"
"1295",126000,7000,82,894,195,919,"Y"
"1296",200000,3907,19,1004,509,1020,"Y"
"1297",325000,13173,3,1652,840,1652,"Y"
"1298",144100,8398,97,926,468,1650,"Y"
"1299",745000,15623,11,2396,813,4476,"Y"
"1300",216000,7500,10,814,663,1674,"Y"
"1301",177000,13869,10,794,388,1470,"Y"
"1302",170000,12760,34,1958,776,2048,"Y"
"1303",200000,12798,11,616,603,1688,"Y"
"1304",402000,46589,15,1629,711,2448,"Y"
"1305",137500,2280,30,1055,319,1055,"Y"
"1306",270000,13108,12,2062,618,2687,"Y"
"1307",106500,8765,70,951,327,951,"N"
"1308",225000,13474,17,700,746,2243,"Y"
"1309",128500,8064,59,795,900,1133,"N"
"1310",260000,9900,16,1347,656,2646,"Y"
"1311",58500,3300,99,624,0,816,"Y"
"1312",170000,11069,2,608,440,1396,"Y"
"1313",138000,6600,26,816,816,816,"Y"
"1314",345000,3951,10,970,846,2393,"Y"
"1315",119900,8425,36,768,576,868,"Y"
"1316",214000,9468,7,840,530,1755,"Y"
"1317",155000,10170,55,216,400,1575,"Y"
"1318",239500,8013,14,1587,528,1734,"Y"
"1319",119500,2394,37,945,253,945,"Y"
"1320",100000,1680,35,483,264,987,"Y"
"1321",120000,8700,46,920,240,888,"Y"
"1322",127500,6000,80,845,576,1296,"Y"
"1323",119500,1680,37,630,264,1302,"Y"
"1324",178000,11380,44,1080,315,1128,"Y"
"1325",129500,7599,25,845,360,845,"Y"
"1326",44000,9392,109,245,0,797,"N"
"1327",190000,8773,4,1487,543,1419,"Y"
"1328",160000,63887,0,6110,1418,5642,"Y"
"1329",112500,6000,51,928,288,928,"Y"
"1330",332200,7740,0,1686,899,1686,"Y"
"1331",159500,7950,32,690,440,1426,"Y"
"1332",224000,6371,1,1358,484,1358,"Y"
"1333",126000,8400,40,882,525,882,"Y"
"1334",132000,7420,45,1057,576,1057,"Y"
"1335",52500,4118,65,693,0,693,"N"
"1336",441929,14082,1,2220,724,2234,"Y"
"1337",156820,3010,1,1142,440,1142,"Y"
"1338",140000,16269,31,907,343,907,"Y"
"1339",130000,2522,2,970,380,1709,"Y"
"1340",185000,13500,128,819,576,2454,"Y"
"1341",121000,11388,96,616,275,1273,"N"
"1342",153000,9350,48,1313,610,1313,"Y"
"1343",64000,5747,86,798,250,840,"Y"
"1344",200000,22002,48,1592,510,1652,"Y"
"1345",155000,8700,45,1120,525,1128,"Y"
"1346",127000,7910,48,1075,404,1507,"Y"
"1347",237000,11250,11,930,610,1995,"Y"
"1348",187000,9487,7,915,442,1690,"Y"
"1349",137250,7832,42,864,280,864,"Y"
"1350",152000,7903,47,1242,324,1242,"Y"
"1351",57625,21780,99,0,280,810,"N"
"1352",167500,9735,2,384,400,1394,"Y"
"1353",189000,8199,3,728,410,1456,"Y"
"1354",302000,9572,17,1453,750,2810,"Y"
"1355",177500,8923,11,384,396,1382,"Y"
"1356",149500,8094,95,888,572,1962,"Y"
"1357",187000,12438,11,781,473,1499,"Y"
"1358",155000,13695,5,1114,576,1114,"Y"
"1359",424870,9965,1,1466,1052,2828,"Y"
"1360",91000,1596,36,462,297,988,"Y"
"1361",110000,9260,70,884,225,1374,"Y"
"1362",131000,11800,33,864,440,894,"Y"
"1363",137900,7800,44,864,416,892,"Y"
"1364",119000,8155,78,780,0,1200,"Y"
"1365",88000,2217,39,546,286,1092,"Y"
"1366",128000,9600,60,1067,436,1067,"Y"
"1367",376162,12858,1,1590,751,2334,"Y"
"1368",110000,5684,76,813,270,813,"Y"
"1369",178000,3435,4,1235,495,1245,"Y"
"1370",232698,9254,2,1721,554,1721,"Y"
"1371",170000,9157,6,912,486,2014,"Y"
"1372",156500,7200,99,560,624,1690,"Y"
"1373",133500,8638,43,925,484,925,"Y"
"1374",103600,6629,84,672,300,1369,"N"
"1375",206900,11075,39,952,576,2112,"Y"
"1376",84900,8777,65,0,240,640,"N"
"1377",170000,17920,51,1763,454,1779,"Y"
"1378",146000,3180,1,689,540,1392,"Y"
"1379",87000,4882,71,348,231,906,"Y"
"1380",82000,10206,57,0,528,944,"N"
"1381",207000,11690,9,850,560,1764,"Y"
"1382",140000,9900,47,1114,451,1114,"Y"
"1383",145000,9863,80,728,374,1642,"Y"
"1384",231500,15426,12,928,470,1764,"Y"
"1385",96000,1680,39,483,264,987,"Y"
"1386",119000,8190,53,948,280,948,"Y"
"1387",344133,12867,1,1209,575,2253,"Y"
"1388",98000,7785,52,0,267,1014,"Y"
"1389",141000,9555,28,0,579,2233,"Y"
"1390",125500,7740,100,622,528,1363,"Y"
"1391",132000,10441,14,912,0,970,"Y"
"1392",256300,14230,2,1566,890,1600,"Y"
"1393",286000,4923,7,1593,682,1593,"Y"
"1394",12789,9656,87,678,780,832,"N"
"1395",311500,15660,69,798,431,1954,"Y"
"1396",105900,8520,82,624,484,720,"Y"
"1397",315500,12898,2,1620,912,1620,"Y"
"1398",127000,7742,41,955,386,955,"Y"
"1399",151000,7175,15,1217,484,1217,"Y"
"1400",337000,9430,10,1252,856,2365,"Y"
"1401",98000,8405,64,0,240,1529,"N"
"1402",156000,12099,54,1216,371,1728,"Y"
"1403",119000,3600,92,624,280,1288,"Y"
"1404",64000,4800,68,672,256,672,"Y"
"1405",143000,9757,15,990,440,990,"Y"
"1406",228500,9990,17,1680,432,1689,"Y"
"1407",202000,8098,6,1381,470,1403,"Y"
"1408",104000,5520,97,755,0,2229,"Y"
"1409",132000,8400,49,1179,331,1364,"Y"
"1410",115000,6240,70,896,240,1344,"Y"
"1411",235000,4750,1,1573,538,1625,"Y"
"1412",184000,12416,22,1606,616,1651,"Y"
"1413",165000,3180,3,600,480,1200,"Y"
"1414",282000,11305,5,1922,692,1922,"Y"
"1415",227000,8400,8,810,528,1665,"Y"
"1416",224500,13159,0,846,650,1692,"Y"
"1417",80000,27697,46,1396,444,1608,"N"
"1418",164000,4500,8,1216,402,1216,"Y"
"1419",226500,9938,14,1602,534,1626,"Y"
"1420",185000,10126,11,1838,721,1838,"Y"
"1421",149900,9525,53,1000,305,1609,"Y"
"1422",135500,6000,51,960,576,960,"Y"
"1423",194000,8556,1,1240,826,1240,"Y"
"1424",218689,12018,0,796,666,1612,"Y"
"1425",137000,10519,51,1057,288,1057,"Y"
"1426",125000,8172,52,768,355,768,"Y"
"1427",85000,2592,34,536,336,1112,"Y"
"1428",241500,4084,22,1277,512,1501,"Y"
"1429",149500,9240,50,988,297,988,"Y"
"1430",179540,9018,0,728,400,1456,"Y"
"1431",85000,8470,94,1013,0,1526,"N"
"1432",207500,5062,23,1190,577,2090,"Y"
"1433",260000,16059,15,1288,462,2417,"Y"
"1434",180500,14112,46,1152,484,1152,"Y"
"1435",208500,8450,5,856,548,1710,"Y"
"1436",475000,11778,0,2271,1348,2276,"Y"
"1437",129000,6970,46,1040,544,1120,"Y"
"1438",133500,15523,37,864,338,864,"Y"
"1439",123900,1782,27,516,462,1045,"Y"
"1440",295000,18386,128,1470,870,3493,"Y"
"1441",123000,2280,34,1057,440,1055,"Y"
"1442",154000,10512,53,988,332,1626,"Y"
"1443",149000,12450,4,1094,576,1094,"Y"
"1444",108000,1680,34,525,264,1092,"Y"
"1445",110000,9750,49,984,308,984,"Y"
"1446",122500,11340,125,777,560,2290,"Y"
"1447",188500,5950,19,1337,462,1337,"Y"
"1448",129850,7288,82,936,0,1601,"Y"
"1449",117000,6000,84,884,216,1348,"Y"
"1450",88000,6120,81,768,450,1015,"N"
"1451",174000,8125,15,702,343,1481,"Y"
"1452",194000,3606,1,1352,466,1352,"Y"
"1453",238000,13125,16,1104,833,2127,"Y"
"1454",136870,7590,45,1117,264,1117,"Y"
"1455",167000,9937,45,1486,480,1486,"Y"
"1456",209500,4590,1,1554,627,1554,"Y"
"1457",179781,9803,1,1214,520,1214,"Y"
"1458",134432,17120,49,0,680,1588,"Y"
"1459",79000,5940,62,0,280,896,"Y"
"1460",93000,6000,55,811,256,1387,"Y"
"1461",180000,7875,3,783,393,1509,"Y"
"1462",149700,7407,53,912,923,1236,"Y"
"1463",186700,35133,44,1572,995,1572,"Y"
"1464",129500,2665,32,550,336,1475,"Y"
"1465",108480,5400,85,1073,326,1073,"Y"
"1466",144000,10200,38,864,912,904,"Y"
"1467",115000,6120,84,960,264,995,"Y"
"1468",153000,7010,73,1024,240,1738,"Y"
"1469",224243,7328,1,1450,788,1450,"Y"
"1470",146000,12436,51,1824,484,1824,"Y"
"1471",192000,9017,10,1431,666,1431,"Y"
"1472",212900,10084,1,1552,782,1552,"Y"
"1473",130000,15660,99,240,472,1306,"Y"
"1474",55993,8712,58,540,504,1044,"N"
"1475",312500,8413,9,1220,1105,2362,"Y"
"1476",39300,5000,61,0,0,334,"N"
"1477",205000,13680,69,840,440,1567,"Y"
"1478",120000,9100,47,1144,336,1144,"Y"
"1479",111900,10295,39,936,288,936,"Y"
"1480",173500,8633,4,738,540,1476,"Y"
"1481",349265,12328,2,1149,729,2541,"Y"
"1482",121500,11341,53,1392,528,1392,"Y"
"1483",171500,7023,2,734,489,1408,"Y"
"1484",173000,2268,6,764,474,1626,"Y"
"1485",185000,9120,34,901,540,1876,"Y"
"1486",145000,11072,43,1728,576,1728,"Y"
"1487",378500,13214,2,2002,746,2018,"Y"
"1488",145000,11040,37,1258,528,1258,"Y"
"1489",194700,7577,2,1362,460,1362,"Y"
"1490",206300,7060,11,1344,784,1344,"Y"
"1491",155000,2572,11,696,484,1416,"Y"
"1492",120000,7400,44,1045,528,1045,"Y"
"1493",175900,7242,2,1270,524,1270,"Y"
"1494",226000,7050,6,1057,650,1929,"Y"
"1495",165250,6960,67,680,224,1302,"Y"
"1496",131750,6400,48,960,392,960,"Y"
"1497",199000,10936,0,1504,510,1504,"Y"
"1498",97000,1533,39,546,0,1344,"Y"
"1499",315000,12585,13,1286,704,2799,"Y"
"1500",110000,9477,42,864,264,892,"Y"
"1501",175000,7917,8,953,460,1647,"Y"
"1502",142600,13101,43,1728,576,1728,"Y"
"1503",128000,6300,94,742,0,1484,"Y"
"1504",250000,8899,1,948,656,2088,"Y"
"1505",205000,7264,84,952,672,1548,"N"
"1506",269790,9920,11,1117,455,2013,"Y"
"1507",230000,14115,50,1073,470,1811,"Y"
"1508",157000,7200,86,596,576,1762,"Y"
"1509",332000,10816,1,1720,846,1720,"Y"
"1510",223500,11250,7,920,608,1786,"Y"
"1511",142500,9000,40,1059,286,1059,"Y"
"1512",287000,9240,7,1055,905,2263,"Y"
"1513",127500,4043,33,1069,440,1069,"Y"
"1514",239500,9828,14,1128,466,2020,"Y"
"1515",235000,12192,8,928,626,1823,"Y"
"1516",114504,3600,96,684,216,1368,"N"
"1517",203000,10141,5,1512,845,1512,"Y"
"1518",64000,3500,62,370,0,670,"N"
"1519",356000,12469,1,1790,730,1816,"Y"
"1520",239900,10560,16,1079,473,1879,"Y"
"1521",79900,5825,80,600,528,747,"Y"
"1522",187000,9291,15,832,506,1710,"Y"
"1523",375000,5568,1,1573,495,1625,"Y"
"1524",146000,2280,32,855,440,1456,"Y"
"1525",192100,11727,37,1851,506,1851,"Y"
"1526",204500,9215,1,1218,676,1218,"Y"
"1527",139500,9142,108,797,420,1627,"N"
"1528",274900,9591,5,1713,856,1713,"Y"
"1529",130000,6930,48,1062,288,1352,"Y"
"1530",164500,3951,0,612,528,1224,"Y"
"1531",166000,8520,58,910,720,1385,"Y"
"1532",278000,5664,9,1501,499,1659,"Y"
"1533",164000,7128,66,918,240,1646,"Y"
"1534",175900,10000,17,763,440,1655,"Y"
"1535",163000,9120,50,1261,433,1261,"Y"
"1536",130000,11235,44,925,308,999,"Y"
"1537",183850,39290,-1,5095,1154,5095,"Y"
"1538",342643,16259,0,1249,840,2596,"Y"
"1539",320000,19378,1,1392,576,2462,"Y"
"1540",135000,9723,43,1008,430,1008,"Y"
"1541",410000,10557,9,1408,806,3078,"Y"
"1542",119900,10926,50,1678,0,1678,"Y"
"1543",185750,9156,41,1489,462,1489,"Y"
"1544",165000,11250,29,1208,546,1208,"Y"
"1545",181900,10825,25,1260,598,1260,"Y"
"1546",122000,9768,54,960,330,960,"Y"
"1547",277000,14364,19,1157,454,2062,"Y"
"1548",75000,2001,37,546,286,1092,"Y"
"1549",362500,13143,17,1231,762,2349,"Y"
"1550",198500,7301,6,0,672,1922,"Y"
"1551",129000,7791,46,912,300,912,"Y"
"1552",139900,6451,106,712,576,1428,"Y"
"1553",145000,10859,15,1097,672,1097,"Y"
"1554",127000,7480,38,876,484,876,"Y"
"1555",119000,6900,72,827,240,1251,"Y"
"1556",160000,12508,68,983,423,1750,"Y"
"1557",180000,5395,15,1337,462,1337,"Y"
"1558",187100,16285,8,1413,605,1430,"Y"
"1559",161000,9600,45,1251,441,1433,"Y"
"1560",133000,47280,58,1488,738,1488,"Y"
"1561",159000,5000,59,1004,420,1664,"Y"
"1562",200100,7588,86,793,216,1802,"Y"
"1563",103400,1680,35,483,264,987,"Y"
"1564",278000,9600,28,2524,542,2524,"Y"
"1565",119600,8250,112,957,0,1991,"N"
"1566",146500,6821,86,651,240,1298,"Y"
"1567",327000,12720,9,1455,810,2687,"Y"
"1568",173500,8769,2,1169,578,1190,"Y"
"1569",139000,9400,39,912,0,1824,"Y"
"1570",137000,9142,96,1020,440,1928,"N"
"1571",213000,8396,5,847,434,1986,"Y"
"1572",226750,8220,8,982,431,1892,"Y"
"1573",123000,7838,39,864,288,900,"Y"
"1574",126500,8635,84,1072,1184,1072,"Y"
"1575",124500,7596,57,960,400,1960,"Y"
"1576",142500,13350,32,864,440,894,"Y"
"1577",200000,10382,36,1107,484,2090,"Y"
"1578",173000,15038,12,916,386,1636,"Y"
"1579",213500,4920,9,1338,582,1338,"Y"
"1580",113000,1890,34,672,264,1218,"Y"
"1581",123000,7560,37,864,576,864,"Y"
"1582",201000,11166,8,1492,608,1492,"Y"
"1583",244000,4054,20,1501,512,1501,"Y"
"1584",178000,9206,25,741,476,1732,"Y"
"1585",137000,4960,79,297,336,1654,"Y"
"1586",151500,10800,46,1248,286,1248,"Y"
"1587",228000,11927,13,1556,484,1592,"Y"
"1588",218000,12361,17,946,1017,1802,"Y"
"1589",176500,2280,8,744,440,1501,"Y"
"1590",85000,5925,107,570,252,1141,"N"
"1591",383000,14418,1,1950,706,1950,"Y"
"1592",175000,11084,3,384,400,1374,"Y"
"1593",197000,15863,89,824,672,3082,"Y"
"1594",138000,8072,15,990,480,990,"Y"
"1595",122000,10356,32,969,440,969,"Y"
"1596",220000,10041,14,908,506,1915,"Y"
"1597",160500,4500,11,1189,392,1189,"Y"
"1598",169000,10464,26,988,582,1102,"Y"
"1599",157500,11650,47,0,484,1472,"Y"
"1600",87000,5000,85,765,200,765,"N"
"1601",160000,2160,9,600,462,1252,"Y"
"1602",154300,11600,50,1105,480,2274,"Y"
"1603",127000,5000,86,1026,308,1691,"Y"
"1604",305900,10386,3,2000,888,2000,"Y"
"1605",110500,3880,62,686,0,866,"Y"
"1606",340000,11143,3,1580,610,2466,"Y"
"1607",164900,6000,68,981,240,1672,"Y"
"1608",181755,15810,0,768,572,1496,"Y"
"1609",148000,7635,50,1175,484,1175,"Y"
"1610",129500,7244,37,768,624,768,"Y"
"1611",198000,11700,71,942,240,1938,"Y"
"1612",174000,10331,22,1265,528,1240,"Y"
"1613",135500,16466,53,816,300,1393,"Y"
"1614",200000,8158,5,860,542,1729,"Y"
"1615",59000,5400,69,416,0,599,"N"
"1616",239900,10463,1,893,800,1801,"Y"
"1617",108538,10725,51,1206,312,1206,"Y"
"1618",217000,9236,9,1479,576,1494,"Y"
"1619",127000,10682,49,1014,544,1149,"Y"
"1620",148000,11080,31,1128,528,1210,"Y"
"1621",260000,16158,4,1530,430,1530,"Y"
"1622",172500,9802,2,352,400,1442,"Y"
"1623",122000,9079,48,864,440,864,"Y"
"1624",117000,5680,106,969,216,1214,"N"
"1625",138887,13132,92,747,180,1784,"Y"
"1626",277000,159000,49,1444,389,2144,"Y"
"1627",124500,10447,23,864,288,887,"Y"
"1628",124500,13008,53,882,502,882,"Y"
"1629",176000,7875,12,1237,402,1253,"Y"
"1630",111500,5633,81,844,216,844,"Y"
"1631",180000,22136,81,2171,1008,2640,"Y"
"1632",250000,10625,3,1026,936,1958,"Y"
"1633",248500,6472,1,1451,539,1456,"Y"
"1634",116000,9770,50,922,308,922,"Y"
"1635",213750,3840,29,1057,571,1295,"Y"
"1636",174190,11660,0,1326,427,1326,"Y"
"1637",119500,9758,36,950,280,950,"Y"
"1638",149900,12537,39,1078,500,1078,"Y"
"1639",171750,3136,3,1405,478,1405,"Y"
"1640",127500,6240,76,884,560,1367,"Y"
"1641",170000,13001,36,1625,944,1220,"Y"
"1642",159500,8910,47,655,539,1194,"Y"
"1643",99000,9520,55,911,286,930,"Y"
"1644",109500,7200,54,825,350,825,"Y"
"1645",119900,7800,41,828,300,965,"Y"
"1646",138000,2364,31,855,440,1456,"Y"
"1647",232000,10635,7,1657,502,1668,"Y"
"1648",184000,9120,83,1026,240,1820,"Y"
"1649",178900,10237,2,783,393,1484,"Y"
"1650",90000,6410,52,960,0,960,"Y"
"1651",81400,8544,56,0,400,1040,"N"
"1652",121600,4712,60,747,305,1230,"Y"
"1653",315750,11787,11,1379,834,2398,"Y"
"1654",235000,25419,88,1360,795,3112,"Y"
"1655",152000,5400,81,1149,216,1616,"Y"
"1656",280000,12011,8,1086,592,1924,"Y"
"1657",122000,5250,136,684,0,2358,"N"
"1658",140000,9600,59,856,271,1668,"Y"
"1659",218836,11058,1,1564,814,1564,"Y"
"1660",256000,10440,88,1510,520,2792,"Y"
"1661",61000,10020,87,683,0,904,"N"
"1662",100000,8239,90,1008,315,1245,"Y"
"1663",117500,9900,127,1008,205,2210,"Y"
"1664",203000,10739,7,1431,577,1444,"Y"
"1665",317500,12704,1,1582,905,1582,"Y"
"1666",128000,6430,61,780,440,1340,"N"
"1667",293077,9520,1,1638,800,1646,"Y"
"1668",139000,9060,49,967,384,1638,"Y"
"1669",207000,14753,11,1463,539,1463,"Y"
"1670",245000,9139,3,1422,492,1432,"Y"
"1671",153000,9532,54,1105,280,1647,"Y"
"1672",173733,3000,0,612,528,1224,"Y"
"1673",318000,12030,0,1694,818,1694,"Y"
"1674",188900,10530,28,945,482,1857,"Y"
"1675",271500,10440,5,1468,528,1468,"Y"
"1676",139000,4447,3,530,496,1080,"Y"
"1677",123600,8070,13,990,0,990,"Y"
"1678",105000,5400,89,840,338,1374,"Y"
"1679",110000,7015,59,709,352,1203,"Y"
"1680",290941,12883,1,1544,868,1544,"Y"
"1681",99900,4060,87,864,0,864,"Y"
"1682",263400,12392,58,832,506,2161,"Y"
"1683",174850,9736,50,1331,464,1721,"Y"
"1684",190000,3874,26,1226,484,1226,"Y"
"1685",176000,19296,47,1362,884,1382,"Y"
"1686",181900,14585,47,1144,572,1429,"Y"
"1687",130000,8513,47,1800,0,1800,"N"
"1688",218000,8170,77,1022,451,1671,"Y"
"1689",175000,11700,39,702,539,1743,"Y"
"1690",178900,9680,43,1510,517,1510,"Y"
"1691",164500,11777,40,1164,564,1320,"Y"
"1692",392000,12633,1,1824,932,1824,"Y"
"1693",113000,8741,65,735,220,1487,"Y"
"1694",214000,8197,7,1480,620,1480,"Y"
"1695",130000,9858,41,864,288,874,"Y"
"1696",181000,8063,7,924,463,1690,"Y"
"1697",130000,8525,97,940,0,1964,"N"
"1698",99900,5470,51,792,366,792,"Y"
"1699",94500,1680,34,483,288,987,"Y"
"1700",130000,10429,17,624,440,1287,"Y"
"1701",316600,12327,26,1496,612,2132,"Y"
"1702",118858,7018,30,0,400,1535,"Y"
"1703",240000,10800,34,1522,624,2614,"Y"
"1704",172500,3230,10,729,440,1471,"Y"
"1705",120000,6000,68,720,240,1090,"Y"
"1706",300000,4765,8,1614,495,1638,"Y"
"1707",290000,11764,11,1152,671,2270,"Y"
"1708",108000,11040,86,637,570,1336,"Y"
"1709",124000,8944,42,1584,792,1584,"Y"
"1710",162500,3907,21,1191,531,1191,"Y"
"1711",150000,11136,42,1921,576,1921,"Y"
"1712",425000,12633,2,1978,920,1978,"Y"
"1713",286000,9660,8,1044,885,1976,"Y"
"1714",143500,8197,30,660,528,1285,"Y"
"1715",213500,14419,22,1645,578,1479,"Y"
"1716",144000,9180,24,840,504,884,"Y"
"1717",118000,12108,53,1440,0,1440,"N"
"1718",173000,15263,51,1422,365,1675,"Y"
"1719",112000,8926,53,672,288,960,"Y"
"1720",147110,2403,7,530,496,1080,"Y"
"1721",245000,15896,10,1177,658,2312,"Y"
"1722",198900,10402,1,1226,740,1226,"Y"
"1723",160000,10147,13,392,398,1694,"Y"
"1724",145000,8604,31,941,564,941,"Y"
"1725",144000,9503,49,1024,484,1344,"Y"
"1726",178000,9056,2,707,403,1414,"Y"
"1727",301500,14303,14,1986,691,1987,"Y"
"1728",119900,7200,34,864,297,864,"Y"
"1729",179400,2280,9,744,440,1501,"Y"
"1730",214500,11888,93,844,441,2134,"N"
"1731",167000,21299,65,929,791,2039,"Y"
"1732",147000,8872,43,912,576,912,"Y"
"1733",126500,8892,47,1065,461,1065,"Y"
"1734",158450,11235,43,1420,572,1452,"Y"
"1735",142000,15428,55,884,270,884,"Y"
"1736",159000,9900,44,1209,504,1209,"Y"
"1737",155000,7931,48,1269,308,1269,"Y"
"1738",220000,6853,8,1267,471,1296,"Y"
"1739",217000,21000,54,1809,450,2259,"Y"
"1740",116900,8400,52,923,390,925,"Y"
"1741",224000,14778,54,1296,924,1640,"Y"
"1742",215000,15600,60,1032,484,2177,"Y"
"1743",91900,6931,53,784,0,784,"N"
"1744",250000,11170,16,1216,693,2514,"Y"
"1745",125500,6173,40,876,288,902,"Y"
"1746",370878,9187,0,1766,478,1766,"Y"
"1747",285000,10678,15,1683,541,2872,"Y"
"1748",158500,9600,46,1218,525,1254,"Y"
"1749",196500,10421,22,980,496,1714,"Y"
"1750",110000,7990,33,924,280,924,"Y"
"1751",153000,12450,6,1114,576,1114,"Y"
"1752",105500,2760,33,525,440,1092,"Y"
"1753",221500,11210,1,1614,865,1614,"Y"
"1754",155000,2500,94,910,164,1826,"Y"
"1755",188700,11988,74,715,240,1660,"Y"
"1756",237000,9548,7,941,613,1829,"Y"
"1757",80000,7404,89,861,288,861,"Y"
"1758",129000,9873,36,960,576,960,"N"
"1759",164900,14559,58,1008,288,1363,"Y"
"1760",184500,10530,31,675,485,1875,"Y"
"1761",104900,12513,89,715,368,1738,"Y"
"1762",177000,2117,7,756,440,1573,"Y"
"1763",105000,7200,56,576,528,864,"Y"
"1764",116500,7518,96,396,390,1330,"Y"
"1765",72000,8534,81,432,0,672,"N"
"1766",106500,1533,37,530,297,992,"Y"
"1767",127000,6882,93,684,0,1355,"Y"
"1768",190000,8433,9,794,394,1514,"Y"
"1769",80000,4608,65,747,220,747,"Y"
"1770",172000,10090,44,725,276,1651,"Y"
"1771",276000,9588,0,1482,868,2574,"Y"
"1772",180500,11851,19,1424,500,1442,"Y"
"1773",67000,8248,94,864,0,864,"N"
"1774",465000,13891,0,2076,850,2076,"Y"
"1775",210000,8450,4,1436,484,1436,"Y"
"1776",64500,4761,88,1020,0,1020,"N"
"1777",355000,17433,12,1629,962,2475,"Y"
"1778",155000,10800,68,884,828,1436,"Y"
"1779",230000,3843,2,1596,482,1648,"Y"
"1780",150000,11050,40,1740,512,1740,"Y"
"1781",182000,11679,44,1776,528,1560,"Y"
"1782",149900,2544,1,600,480,1223,"Y"
"1783",108000,7425,63,672,252,1668,"Y"
"1784",190000,36500,42,1624,390,1582,"Y"
"1785",182000,8453,13,754,525,1609,"Y"
"1786",115000,8450,40,890,308,890,"N"
"1787",147000,9638,31,1029,542,1117,"Y"
"1788",231000,7609,83,798,180,1512,"Y"
"1789",212500,10307,2,1350,484,1358,"Y"
"1790",188500,7795,5,716,432,1432,"Y"
"1791",270000,10603,3,900,782,1795,"Y"
"1792",182000,11075,23,1190,552,1522,"Y"
"1793",98300,7200,58,0,420,1048,"Y"
"1794",211000,9531,9,794,546,1796,"Y"
"1795",128000,7830,39,1180,477,1180,"Y"
"1796",172500,3922,1,1258,648,1258,"Y"
"1797",402861,12220,0,2006,900,2020,"Y"
"1798",128200,10650,34,894,308,894,"Y"
"1799",281000,11065,0,1085,753,1970,"Y"
"1800",140000,8546,7,1121,440,1121,"Y"
"1801",168000,14175,50,1188,576,1437,"Y"
"1802",191000,8750,13,880,512,1716,"Y"
"1803",173000,2887,12,1291,431,1291,"Y"
"1804",204000,10335,10,1490,577,1501,"Y"
"1805",117000,5400,52,833,326,833,"Y"
"1806",107000,7819,34,1029,672,1117,"Y"
"1807",145000,13015,10,1100,462,1100,"Y"
"1808",178740,3072,2,1375,398,1414,"Y"
"1809",168500,9020,44,1248,520,1350,"Y"
"1810",181000,11920,6,831,484,1659,"Y"
"1811",144900,10200,56,1086,490,1086,"Y"
"1812",137500,11600,84,700,252,1180,"Y"
"1813",120000,10800,86,1120,720,1130,"Y"
"1814",143000,9836,0,192,308,1133,"N"
"1815",438780,13682,0,1410,641,2945,"Y"
"1816",121000,8854,93,952,192,952,"N"
"1817",158500,10738,41,1093,484,1093,"Y"
"1818",172500,16500,38,1232,495,1320,"Y"
"1819",176000,10237,2,768,400,1536,"Y"
"1820",128250,8674,57,910,308,1435,"Y"
"1821",181500,9600,31,1262,460,1262,"Y"
"1822",139500,12518,41,1008,384,1008,"Y"
"1823",115000,21750,49,0,336,1771,"Y"
"1824",247900,6264,11,1664,528,1682,"Y"
"1825",100000,10800,122,641,273,1047,"Y"
"1826",179000,9024,4,789,393,1515,"Y"
"1827",155000,12400,51,1215,297,1215,"Y"
"1828",320000,11670,1,1905,788,1905,"Y"
"1829",135000,6993,45,912,288,1236,"Y"
"1830",185000,14067,17,836,416,1709,"Y"
"1831",100000,6060,68,732,264,1123,"Y"
"1832",385000,14803,1,2078,1220,2084,"Y"
"1833",163000,8480,15,886,474,1680,"Y"
"1834",181000,3182,4,1346,457,1504,"Y"
"1835",189900,13830,13,928,482,1629,"Y"
"1836",201000,8925,2,1466,610,1466,"Y"
"1837",338500,9942,1,1606,521,2091,"Y"
"1838",113722,7007,30,0,400,1513,"Y"
"1839",143195,9216,33,1076,576,1076,"Y"
"1840",148400,1700,26,430,450,1700,"Y"
"1841",174000,10400,38,1304,530,1682,"Y"
"1842",128500,5830,60,988,363,1612,"Y"
"1843",129800,8550,72,816,240,816,"Y"
"1844",90000,10791,39,0,516,1296,"Y"
"1845",122500,1920,36,765,440,1365,"Y"
"1846",175000,10200,20,1461,600,1509,"Y"
"1847",197000,8125,0,770,614,1576,"Y"
"1848",120500,9000,36,864,528,864,"Y"
"1849",155000,9750,14,990,528,990,"Y"
"1850",190550,9543,6,845,517,1690,"Y"
"1851",155891,8842,56,381,319,992,"Y"
"1852",140000,10382,48,588,264,1095,"Y"
"1853",126000,6000,41,624,288,1656,"Y"
"1854",176000,8029,3,728,400,1456,"Y"
"1855",179900,10357,17,910,719,1442,"Y"
"1856",252000,16163,2,1618,880,1618,"Y"
"1857",220000,8814,3,1604,660,1604,"Y"
"1858",119750,6305,69,920,240,954,"Y"
"1859",162000,12936,37,723,497,1395,"Y"
"1860",82500,12342,69,861,539,861,"Y"
"1861",147500,15564,94,676,400,1264,"Y"
"1862",127500,7200,83,1040,320,1040,"Y"
"1863",132000,5350,88,624,288,1450,"Y"
"1864",250000,11664,7,1569,1231,1611,"Y"
"1865",240000,12118,5,1710,550,1710,"Y"
"1866",147500,12144,56,910,597,1521,"Y"
"1867",285000,9892,16,1679,482,1803,"Y"
"1868",222000,3830,1,1726,561,1726,"Y"
"1869",127500,10106,68,644,0,1355,"Y"
"1870",113500,9000,51,160,384,1142,"Y"
"1871",153000,9600,55,1156,364,1520,"Y"
"1872",181134,8899,0,1340,396,1340,"Y"
"1873",162000,9610,48,1121,488,1336,"Y"
"1874",78500,10800,119,630,320,725,"Y"
"1875",85000,10320,96,451,576,759,"Y"
"1876",501837,17423,1,2216,1166,2234,"Y"
"1877",150000,9600,110,930,288,1566,"N"
"1878",175900,3635,2,1386,660,1569,"Y"
"1879",300000,14860,6,1778,715,1786,"Y"
"1880",111000,10215,53,864,248,948,"Y"
"1881",139000,11616,47,1092,288,1092,"Y"
"1882",367294,8769,0,1702,1052,1702,"Y"
"1883",178000,9636,17,808,389,1593,"Y"
"1884",230348,7500,1,1218,462,1218,"Y"
"1885",86000,1526,39,630,286,630,"Y"
"1886",109008,8593,51,907,352,907,"Y"
"1887",85000,9259,83,660,440,756,"N"
"1888",171500,10125,31,1196,473,1279,"Y"
"1889",89000,6000,85,616,205,616,"Y"
"1890",117000,5310,96,485,255,1635,"Y"
"1891",230000,13774,32,908,520,2288,"Y"
"1892",294000,17542,33,1192,518,2167,"Y"
"1893",390000,13418,2,1850,850,2748,"Y"
"1894",162500,9144,93,810,672,1716,"Y"
"1895",195500,9535,10,926,472,1604,"Y"
"1896",266000,8849,3,1684,564,1684,"Y"
"1897",173000,11646,4,704,440,1422,"Y"
"1898",212999,8760,1,1489,674,1500,"Y"
"1899",172000,11075,39,784,530,1968,"Y"
"1900",230000,8125,4,1654,900,1654,"Y"
"1901",73000,1470,36,630,0,630,"Y"
"1902",110000,13560,41,1392,576,1392,"Y"
"1903",418000,13654,2,1704,814,2758,"Y"
"1904",109500,7200,56,0,625,1040,"Y"
"1905",140000,6710,11,920,460,936,"Y"
"1906",85000,7030,81,641,272,641,"Y"
"1907",80000,10818,96,1077,648,1760,"Y"
"1908",143000,2308,33,855,460,1456,"Y"
"1909",167840,8334,1,1330,437,1330,"Y"
"1910",230000,12420,8,944,622,1840,"Y"
"1911",141000,12493,48,1100,312,1100,"Y"
"1912",293200,10200,2,1578,810,1602,"Y"
"1913",172000,7175,16,1398,542,1398,"Y"
"1914",156000,3768,10,691,506,1452,"Y"
"1915",212109,10411,0,725,561,1588,"Y"
"1916",160500,7200,32,684,440,1398,"Y"
"1917",107000,10320,82,596,370,1430,"Y"
"1918",235000,13500,48,1602,564,1252,"Y"
"1919",184500,5122,4,1306,624,1306,"Y"
"1920",160500,7176,28,960,616,1040,"Y"
"1921",80000,12180,69,672,280,924,"N"
"1922",129250,7150,41,988,360,988,"Y"
"1923",430000,12692,15,3200,546,3228,"Y"
"1924",223000,10646,7,858,546,1789,"Y"
"1925",241500,39104,54,1385,439,1363,"Y"
"1926",135000,11000,31,1090,502,1178,"Y"
"1927",140000,9170,42,1214,461,1214,"Y"
"1928",468000,11128,4,2458,795,2490,"Y"
"1929",139500,7733,1,1142,0,1142,"Y"
"1930",110000,12354,89,684,528,1196,"Y"
"1931",120000,6000,59,649,308,1183,"Y"
"1932",246578,4045,0,1356,648,1500,"Y"
"1933",140000,7200,27,936,672,936,"Y"
"1934",207500,5330,1,1550,528,1550,"Y"
"1935",71000,1894,36,546,286,1092,"Y"
"1936",185000,11900,32,1122,567,1934,"Y"
"1937",131000,8885,23,864,484,902,"Y"
"1938",257000,15600,56,1168,342,2315,"Y"
"1939",143000,10355,40,1214,318,1214,"Y"
"1940",199900,4274,1,1241,569,1241,"Y"
"1941",120875,13052,41,1024,308,1024,"Y"
"1942",325000,12256,16,1463,712,2622,"Y"
"1943",127000,7936,46,1045,264,1045,"Y"
"1944",145000,4426,4,848,420,848,"Y"
"1945",82500,6845,53,0,0,1152,"N"
"1946",145000,8385,28,1664,616,1664,"Y"
"1947",112900,7584,55,1036,312,1036,"Y"
"1948",75000,10200,84,572,200,572,"N"
"1949",150000,6406,70,690,400,1558,"Y"
"1950",128500,9945,46,988,572,988,"Y"
"1951",140000,9600,37,1164,528,1164,"Y"
"1952",148500,4000,77,531,216,1098,"Y"
"1953",157000,11880,31,1271,478,1601,"Y"
"1954",213490,3013,1,1362,440,1506,"Y"
"1955",392000,8089,0,1419,567,1419,"Y"
"1956",197600,9724,58,1140,400,2461,"Y"
"1957",76500,5350,70,728,0,1306,"Y"
"1958",149900,2280,35,855,440,1456,"Y"
"1959",152000,2544,5,600,480,1236,"Y"
"1960",175000,12886,46,520,480,1464,"Y"
"1961",139000,9600,51,1240,338,1632,"Y"
"1962",124000,1300,29,561,462,1229,"Y"
"1963",324000,13514,1,1774,850,1808,"Y"
"1964",170000,2645,9,960,480,1586,"Y"
"1965",155000,3215,6,600,480,1200,"Y"
"1966",149900,8014,31,456,504,1034,"Y"
"1967",209700,10984,1,945,638,1809,"Y"
"1968",215000,10612,1,1524,484,1534,"Y"
"1969",120000,9675,32,864,440,879,"Y"
"1970",177500,11249,12,1200,521,1200,"Y"
"1971",129000,10751,33,1037,431,1037,"Y"
"1972",167500,9300,50,1268,461,1264,"Y"
"1973",162000,4500,11,1204,412,1204,"Y"
"1974",154000,13250,31,832,529,2050,"Y"
"1975",90350,4280,94,440,352,694,"N"
"1976",133900,7200,37,768,396,768,"Y"
"1977",153900,12665,93,876,720,1416,"Y"
"1978",139000,10500,36,372,288,1109,"Y"
"1979",179665,17104,0,654,426,1496,"Y"
"1980",140500,14357,46,864,440,1187,"Y"
"1981",79000,9600,84,572,0,1096,"N"
"1982",79500,1526,36,546,0,1092,"Y"
"1983",135000,12048,54,0,569,1488,"Y"
"1984",139500,4235,25,1049,266,1049,"Y"
"1985",170000,3876,28,1226,484,1226,"Y"
"1986",186500,8125,1,756,615,1553,"Y"
"1987",190000,11751,33,1844,546,1844,"Y"
"1988",141000,8814,40,732,470,1464,"Y"
"1989",140000,3675,1,547,525,1072,"Y"
"1990",146000,13072,3,1175,0,1175,"Y"
"1991",122000,15635,55,0,498,1383,"Y"
"1992",155000,7700,44,756,442,1839,"Y"
"1993",122900,8064,58,672,576,924,"Y"
"1994",219500,9375,12,1057,645,2034,"Y"
"1995",255000,12000,27,2002,546,2362,"Y"
"1996",161000,13068,32,1211,461,1211,"Y"
"1997",325300,14215,1,1158,853,2376,"Y"
"1998",149000,4438,4,848,420,848,"Y"
"1999",171000,8400,30,650,476,1564,"Y"
"2000",179000,10800,22,1200,0,1200,"Y"
"2001",255900,11250,6,1128,779,2290,"Y"
"2002",127500,7840,31,976,0,1012,"Y"
"2003",145000,8393,47,1626,588,1712,"Y"
"2004",159895,3182,1,1266,388,1266,"Y"
"2005",84900,11100,64,0,308,930,"Y"
"2006",103500,10307,99,972,324,1944,"N"
"2007",136000,9464,50,1080,288,1080,"Y"
"2008",105000,5707,74,583,180,1242,"Y"
"2009",217300,7301,1,1350,484,1358,"Y"
"2010",250000,16692,28,1392,564,2784,"Y"
"2011",160250,7424,32,1319,591,1373,"Y"
"2012",205000,13704,5,1541,843,1541,"Y"
"2013",250000,9178,0,1643,870,1651,"Y"
"2014",124900,8820,119,1088,456,1869,"Y"
"2015",123000,6240,79,704,336,1136,"Y"
"2016",177000,15576,93,840,308,1680,"Y"
"2017",290000,9205,18,930,473,2683,"Y"
"2018",129000,7200,57,864,720,864,"Y"
"2019",153337,7018,30,1086,528,1224,"Y"
"2020",134900,6000,72,698,624,1176,"Y"
"2021",222500,11404,10,1153,541,2031,"Y"
"2022",152000,11070,18,1582,672,1595,"Y"
"2023",221000,16770,12,1195,486,1839,"Y"
"2024",155000,6300,96,1226,432,2104,"Y"
"2025",35311,9000,57,480,308,480,"N"
"2026",179000,8123,9,982,463,1800,"Y"
"2027",290000,9950,12,1203,721,2520,"Y"
"2028",370000,16451,5,1765,795,2690,"Y"
"2029",140000,9550,91,756,642,1717,"Y"
"2030",149900,12887,26,833,495,833,"Y"
"2031",125000,8235,53,825,720,825,"Y"
"2032",115000,1733,29,516,452,1032,"Y"
"2033",260000,19550,68,1580,0,1518,"Y"
"2034",190000,9313,5,864,572,1728,"Y"
"2035",40000,8500,88,649,250,1317,"N"
"2036",215000,8658,6,982,431,1889,"Y"
"2037",90000,8550,81,750,576,1316,"Y"
"2038",110000,8240,47,1179,622,1179,"Y"
"2039",145000,9245,14,990,672,990,"Y"
"2040",188000,3640,26,1036,484,1036,"Y"
"2041",194000,7406,0,1199,632,1220,"Y"
"2042",144000,11344,49,874,315,1524,"Y"
"2043",156000,8092,52,1050,286,1050,"Y"
"2044",160000,17400,29,1126,484,1126,"Y"
"2045",168500,9600,35,1165,498,2061,"Y"
"2046",193800,3784,1,1511,476,1565,"Y"
"2047",72500,6627,59,0,287,720,"N"
"2048",137000,11425,52,1008,275,1008,"Y"
"2049",80000,5220,70,830,180,879,"Y"
"2050",221000,12803,6,1494,530,1494,"Y"
"2051",102000,7288,64,976,215,976,"N"
